-- phpMyAdmin SQL Dump
-- version 4.7.7
-- https://www.phpmyadmin.net/
--
-- Host: 127.0.0.1
-- Generation Time: Mar 26, 2018 at 02:15 PM
-- Server version: 10.1.30-MariaDB
-- PHP Version: 7.2.2

SET SQL_MODE = "NO_AUTO_VALUE_ON_ZERO";
SET AUTOCOMMIT = 0;
START TRANSACTION;
SET time_zone = "+00:00";


/*!40101 SET @OLD_CHARACTER_SET_CLIENT=@@CHARACTER_SET_CLIENT */;
/*!40101 SET @OLD_CHARACTER_SET_RESULTS=@@CHARACTER_SET_RESULTS */;
/*!40101 SET @OLD_COLLATION_CONNECTION=@@COLLATION_CONNECTION */;
/*!40101 SET NAMES utf8mb4 */;

--
-- Database: `ecommapi`
--

-- --------------------------------------------------------

--
-- Table structure for table `migrations`
--

CREATE TABLE `migrations` (
  `id` int(10) UNSIGNED NOT NULL,
  `migration` varchar(191) COLLATE utf8mb4_unicode_ci NOT NULL,
  `batch` int(11) NOT NULL
) ENGINE=InnoDB DEFAULT CHARSET=utf8mb4 COLLATE=utf8mb4_unicode_ci;

--
-- Dumping data for table `migrations`
--

INSERT INTO `migrations` (`id`, `migration`, `batch`) VALUES
(19, '2014_10_12_000000_create_users_table', 1),
(20, '2014_10_12_100000_create_password_resets_table', 1),
(21, '2016_06_01_000001_create_oauth_auth_codes_table', 1),
(22, '2016_06_01_000002_create_oauth_access_tokens_table', 1),
(23, '2016_06_01_000003_create_oauth_refresh_tokens_table', 1),
(24, '2016_06_01_000004_create_oauth_clients_table', 1),
(25, '2016_06_01_000005_create_oauth_personal_access_clients_table', 1),
(26, '2018_03_20_083250_create_products_table', 1),
(27, '2018_03_20_083309_create_reviews_table', 1);

-- --------------------------------------------------------

--
-- Table structure for table `oauth_access_tokens`
--

CREATE TABLE `oauth_access_tokens` (
  `id` varchar(100) COLLATE utf8mb4_unicode_ci NOT NULL,
  `user_id` int(11) DEFAULT NULL,
  `client_id` int(11) NOT NULL,
  `name` varchar(191) COLLATE utf8mb4_unicode_ci DEFAULT NULL,
  `scopes` text COLLATE utf8mb4_unicode_ci,
  `revoked` tinyint(1) NOT NULL,
  `created_at` timestamp NULL DEFAULT NULL,
  `updated_at` timestamp NULL DEFAULT NULL,
  `expires_at` datetime DEFAULT NULL
) ENGINE=InnoDB DEFAULT CHARSET=utf8mb4 COLLATE=utf8mb4_unicode_ci;

--
-- Dumping data for table `oauth_access_tokens`
--

INSERT INTO `oauth_access_tokens` (`id`, `user_id`, `client_id`, `name`, `scopes`, `revoked`, `created_at`, `updated_at`, `expires_at`) VALUES
('1ed91f11a37278fdf22efc2c2de71b4a8c2c4e3eb4af1954a0540e8d01ee2ad3eb3c7fb2516d8f76', 5, 2, NULL, '[]', 0, '2018-03-24 18:08:02', '2018-03-24 18:08:02', '2019-03-24 19:08:02'),
('9047fcc65e94dfd53b0cf205e73532bad96f6c1ae5694a0ab07decb829b2f700ebc2efd1ebc0bd52', 5, 2, NULL, '[]', 0, '2018-03-24 17:54:20', '2018-03-24 17:54:20', '2019-03-24 18:54:20');

-- --------------------------------------------------------

--
-- Table structure for table `oauth_auth_codes`
--

CREATE TABLE `oauth_auth_codes` (
  `id` varchar(100) COLLATE utf8mb4_unicode_ci NOT NULL,
  `user_id` int(11) NOT NULL,
  `client_id` int(11) NOT NULL,
  `scopes` text COLLATE utf8mb4_unicode_ci,
  `revoked` tinyint(1) NOT NULL,
  `expires_at` datetime DEFAULT NULL
) ENGINE=InnoDB DEFAULT CHARSET=utf8mb4 COLLATE=utf8mb4_unicode_ci;

-- --------------------------------------------------------

--
-- Table structure for table `oauth_clients`
--

CREATE TABLE `oauth_clients` (
  `id` int(10) UNSIGNED NOT NULL,
  `user_id` int(11) DEFAULT NULL,
  `name` varchar(191) COLLATE utf8mb4_unicode_ci NOT NULL,
  `secret` varchar(100) COLLATE utf8mb4_unicode_ci NOT NULL,
  `redirect` text COLLATE utf8mb4_unicode_ci NOT NULL,
  `personal_access_client` tinyint(1) NOT NULL,
  `password_client` tinyint(1) NOT NULL,
  `revoked` tinyint(1) NOT NULL,
  `created_at` timestamp NULL DEFAULT NULL,
  `updated_at` timestamp NULL DEFAULT NULL
) ENGINE=InnoDB DEFAULT CHARSET=utf8mb4 COLLATE=utf8mb4_unicode_ci;

--
-- Dumping data for table `oauth_clients`
--

INSERT INTO `oauth_clients` (`id`, `user_id`, `name`, `secret`, `redirect`, `personal_access_client`, `password_client`, `revoked`, `created_at`, `updated_at`) VALUES
(1, NULL, 'Laravel Personal Access Client', 'Z0moGosbFg5GYhr4pm8GBIMWNMRb2bnV5GXdvekq', 'http://localhost', 1, 0, 0, '2018-03-24 17:41:32', '2018-03-24 17:41:32'),
(2, NULL, 'Laravel Password Grant Client', 'lw7IwshkwBMRgpwt8hWzprw75bBpaOKMQoPc0o4x', 'http://localhost', 0, 1, 0, '2018-03-24 17:41:32', '2018-03-24 17:41:32');

-- --------------------------------------------------------

--
-- Table structure for table `oauth_personal_access_clients`
--

CREATE TABLE `oauth_personal_access_clients` (
  `id` int(10) UNSIGNED NOT NULL,
  `client_id` int(11) NOT NULL,
  `created_at` timestamp NULL DEFAULT NULL,
  `updated_at` timestamp NULL DEFAULT NULL
) ENGINE=InnoDB DEFAULT CHARSET=utf8mb4 COLLATE=utf8mb4_unicode_ci;

--
-- Dumping data for table `oauth_personal_access_clients`
--

INSERT INTO `oauth_personal_access_clients` (`id`, `client_id`, `created_at`, `updated_at`) VALUES
(1, 1, '2018-03-24 17:41:32', '2018-03-24 17:41:32');

-- --------------------------------------------------------

--
-- Table structure for table `oauth_refresh_tokens`
--

CREATE TABLE `oauth_refresh_tokens` (
  `id` varchar(100) COLLATE utf8mb4_unicode_ci NOT NULL,
  `access_token_id` varchar(100) COLLATE utf8mb4_unicode_ci NOT NULL,
  `revoked` tinyint(1) NOT NULL,
  `expires_at` datetime DEFAULT NULL
) ENGINE=InnoDB DEFAULT CHARSET=utf8mb4 COLLATE=utf8mb4_unicode_ci;

--
-- Dumping data for table `oauth_refresh_tokens`
--

INSERT INTO `oauth_refresh_tokens` (`id`, `access_token_id`, `revoked`, `expires_at`) VALUES
('0d6497c55608ced3d906915a8c92f8daa76785dffbae784a601283a1567674be1af1a1b7ce4fbfa5', '9047fcc65e94dfd53b0cf205e73532bad96f6c1ae5694a0ab07decb829b2f700ebc2efd1ebc0bd52', 0, '2019-03-24 18:54:20'),
('fb50e8ff5d374b00acdbfab1c85bb1fd111244630ab697e85437f7802e028d9932311965c694020e', '1ed91f11a37278fdf22efc2c2de71b4a8c2c4e3eb4af1954a0540e8d01ee2ad3eb3c7fb2516d8f76', 0, '2019-03-24 19:08:02');

-- --------------------------------------------------------

--
-- Table structure for table `password_resets`
--

CREATE TABLE `password_resets` (
  `email` varchar(191) COLLATE utf8mb4_unicode_ci NOT NULL,
  `token` varchar(191) COLLATE utf8mb4_unicode_ci NOT NULL,
  `created_at` timestamp NULL DEFAULT NULL
) ENGINE=InnoDB DEFAULT CHARSET=utf8mb4 COLLATE=utf8mb4_unicode_ci;

-- --------------------------------------------------------

--
-- Table structure for table `products`
--

CREATE TABLE `products` (
  `id` int(10) UNSIGNED NOT NULL,
  `name` varchar(191) COLLATE utf8mb4_unicode_ci NOT NULL,
  `detail` text COLLATE utf8mb4_unicode_ci NOT NULL,
  `price` int(11) NOT NULL,
  `stock` int(11) NOT NULL,
  `discount` int(11) NOT NULL,
  `user_id` int(10) UNSIGNED NOT NULL,
  `created_at` timestamp NULL DEFAULT NULL,
  `updated_at` timestamp NULL DEFAULT NULL
) ENGINE=InnoDB DEFAULT CHARSET=utf8mb4 COLLATE=utf8mb4_unicode_ci;

--
-- Dumping data for table `products`
--

INSERT INTO `products` (`id`, `name`, `detail`, `price`, `stock`, `discount`, `user_id`, `created_at`, `updated_at`) VALUES
(1, 'error', 'Omnis eius voluptas ad maxime minus dignissimos. Vel quis voluptates iusto dolore sequi. Officia ullam suscipit vel necessitatibus qui distinctio. Perspiciatis dicta iusto harum ut eligendi atque iusto.', 253, 4, 28, 4, '2018-03-24 17:22:23', '2018-03-24 17:22:23'),
(2, 'suscipit', 'Tempore laboriosam cumque in aut quod velit dolorem. Facilis eaque pariatur atque. Maiores qui quo laudantium quasi animi illum. Fuga facilis exercitationem ex est sed eius non.', 426, 3, 13, 3, '2018-03-24 17:22:23', '2018-03-24 17:22:23'),
(3, 'ut', 'Voluptas enim molestiae sed hic dicta ea et. Inventore dicta inventore consequatur iure rerum delectus minus. Dolore quis quia ut qui qui.', 757, 0, 29, 2, '2018-03-24 17:22:23', '2018-03-24 17:22:23'),
(4, 'molestiae', 'Blanditiis praesentium sit fuga et dicta molestiae. Sint non exercitationem fuga animi.', 458, 2, 30, 3, '2018-03-24 17:22:23', '2018-03-24 17:22:23'),
(5, 'neque', 'Reiciendis ut modi aut sint nihil ut veritatis. Inventore iste repellendus sunt. Odio velit eos aliquid inventore. Aspernatur fugit eligendi quae.', 475, 1, 13, 1, '2018-03-24 17:22:23', '2018-03-24 17:22:23'),
(6, 'voluptatibus', 'In nam consequatur sapiente in. Tempora quae unde ex expedita dolore sunt reprehenderit. Voluptates neque nesciunt ipsum molestiae.', 668, 4, 26, 3, '2018-03-24 17:22:23', '2018-03-24 17:22:23'),
(7, 'ea', 'In deserunt occaecati omnis eum cum. Ea ut saepe amet et. Saepe quaerat itaque omnis porro qui quidem expedita. Culpa dolorem commodi fuga velit qui.', 255, 2, 27, 2, '2018-03-24 17:22:23', '2018-03-24 17:22:23'),
(8, 'sit', 'Ab vitae quos voluptas excepturi iure beatae. Maxime quia provident qui ut quae debitis tempore. Adipisci deserunt iure omnis voluptatum ea blanditiis. Quia voluptates doloremque perferendis minus. Sint temporibus doloremque voluptatem reiciendis quia dolores fugiat.', 606, 3, 24, 2, '2018-03-24 17:22:23', '2018-03-24 17:22:23'),
(9, 'furniture udpated', 'Very good', 95, 30, 40, 5, '2018-03-24 17:22:23', '2018-03-24 18:12:12'),
(10, 'maxime', 'Eveniet inventore sit quaerat eveniet aut. Est accusamus occaecati totam sunt blanditiis. Nisi ipsam rerum atque neque.', 381, 6, 16, 1, '2018-03-24 17:22:23', '2018-03-24 17:22:23'),
(11, 'nulla', 'Optio necessitatibus maxime omnis voluptate corporis. Voluptatem molestiae dolor iusto omnis sapiente sint eum ut. Voluptatum quo assumenda aut molestias beatae cumque consequatur.', 175, 5, 28, 4, '2018-03-24 17:22:23', '2018-03-24 17:22:23'),
(12, 'ut', 'Iure hic rerum distinctio cupiditate illum reprehenderit. Voluptate corrupti unde culpa non.', 478, 3, 29, 5, '2018-03-24 17:22:23', '2018-03-24 17:22:23'),
(13, 'odit', 'Modi nihil tenetur totam et culpa debitis. Laborum perspiciatis non omnis consectetur quia. Voluptatem et consequuntur ea dolores sapiente ab et. Accusamus deleniti magnam beatae.', 630, 1, 26, 3, '2018-03-24 17:22:23', '2018-03-24 17:22:23'),
(14, 'laboriosam', 'Inventore et rerum hic eum. Blanditiis commodi dolore quia non est doloribus quo nisi. Dolor quae est eaque praesentium enim quis. Dolore consectetur numquam eveniet suscipit numquam nihil.', 368, 7, 3, 2, '2018-03-24 17:22:23', '2018-03-24 17:22:23'),
(15, 'reiciendis', 'Aut sint voluptas sed adipisci. Vel rerum reiciendis dicta deleniti iste necessitatibus. Et cumque et commodi est mollitia explicabo voluptatem. Unde quo fugiat inventore et sapiente maxime.', 177, 3, 11, 1, '2018-03-24 17:22:23', '2018-03-24 17:22:23'),
(16, 'ducimus', 'Esse qui minus officiis expedita. Voluptatum et soluta laudantium impedit quia error in aspernatur. Harum ut rerum cum sit eligendi. Omnis recusandae laboriosam iure magnam consectetur laudantium. Alias labore voluptas voluptas officia aliquid quisquam.', 443, 4, 4, 1, '2018-03-24 17:22:23', '2018-03-24 17:22:23'),
(17, 'officiis', 'Ut quo sed adipisci ut. Quia quasi tenetur rem. Rerum repellendus saepe quaerat delectus debitis. Nobis ipsa perferendis et ut blanditiis a quam est.', 294, 4, 27, 1, '2018-03-24 17:22:23', '2018-03-24 17:22:23'),
(18, 'veritatis', 'Unde enim adipisci quidem occaecati minus. Voluptas nobis voluptatem earum qui ut beatae. Aperiam fugit officiis quis ut nihil dignissimos asperiores. Illo et et fuga vero.', 491, 2, 21, 2, '2018-03-24 17:22:23', '2018-03-24 17:22:23'),
(19, 'dolorem', 'Ex et quis voluptas autem dolores beatae architecto. Molestiae mollitia porro et ut qui. Provident voluptatem et qui. Nemo consequatur velit inventore error vero suscipit ea.', 641, 0, 19, 1, '2018-03-24 17:22:23', '2018-03-24 17:22:23'),
(20, 'placeat', 'Repudiandae nihil inventore rerum fuga et. Magnam enim facere id rem totam animi. Aut qui dolorem exercitationem incidunt. Aut inventore temporibus et.', 454, 6, 2, 3, '2018-03-24 17:22:23', '2018-03-24 17:22:23'),
(21, 'doloremque', 'Enim voluptatem modi rerum nulla quis perspiciatis. Animi id aut quibusdam beatae aliquam fuga. Debitis similique excepturi ducimus placeat velit est earum. Aut voluptatum totam eligendi omnis ut tempore.', 989, 4, 6, 1, '2018-03-24 17:22:24', '2018-03-24 17:22:24'),
(22, 'numquam', 'Delectus at laudantium non iste esse nulla quia. Dolorum aperiam perspiciatis architecto fuga illum magnam et ducimus. Corporis dolore alias aliquid quia id alias. Excepturi unde sit rerum laborum sapiente distinctio quia.', 757, 5, 18, 3, '2018-03-24 17:22:24', '2018-03-24 17:22:24'),
(24, 'modi', 'Voluptates impedit vel debitis et mollitia. Voluptas ea at illum sit ullam. Harum ut necessitatibus officiis voluptates beatae ut. Atque quasi et dolores quis necessitatibus.', 134, 9, 6, 2, '2018-03-24 17:22:24', '2018-03-24 17:22:24'),
(25, 'minus', 'Eveniet minus velit eos consequatur molestiae accusamus. Ratione velit aspernatur ut voluptate consequatur cumque ab. Ea provident architecto minus quaerat distinctio numquam ut. Nulla voluptatem nam voluptatem harum molestiae.', 710, 8, 23, 2, '2018-03-24 17:22:24', '2018-03-24 17:22:24'),
(26, 'dolor', 'Quia sunt dolore ipsa. Vero cum ut sunt labore. A natus unde dolor corporis.', 119, 7, 5, 1, '2018-03-24 17:22:24', '2018-03-24 17:22:24'),
(27, 'quidem', 'Culpa beatae officiis et omnis iusto hic porro eos. Sit qui dignissimos qui culpa tempore eius.', 652, 3, 12, 5, '2018-03-24 17:22:24', '2018-03-24 17:22:24'),
(28, 'vero', 'Et ea blanditiis sunt vero et eligendi consequuntur architecto. Laudantium ut qui accusantium et natus. Unde et sed quas consectetur ut facere maiores. Nemo numquam quia ut voluptatum et a omnis.', 459, 4, 19, 4, '2018-03-24 17:22:24', '2018-03-24 17:22:24'),
(29, 'voluptatem', 'Eos praesentium debitis id sit ullam iste nisi et. Totam eius laborum placeat. Ipsam sed sit nobis earum sunt. Eum hic beatae placeat saepe eaque aut cupiditate.', 647, 6, 12, 4, '2018-03-24 17:22:24', '2018-03-24 17:22:24'),
(30, 'quia', 'Est natus quae vitae reiciendis non. Optio molestiae iure porro voluptas est necessitatibus facere rerum. Ut sunt provident quasi aperiam. Ipsum similique sed et voluptatem non omnis.', 426, 8, 11, 4, '2018-03-24 17:22:24', '2018-03-24 17:22:24'),
(31, 'ut', 'Consequatur eos dolores similique velit velit enim cumque. Harum consequuntur ipsam laborum nam. Nemo et eveniet omnis est laudantium corporis. Sed ut ea et officiis ex.', 588, 1, 19, 2, '2018-03-24 17:22:24', '2018-03-24 17:22:24'),
(32, 'dolore', 'Et dolor quae aut et quia tempora. Et illo et architecto ut. Facere et ipsa officiis repellendus commodi et.', 109, 7, 23, 5, '2018-03-24 17:22:24', '2018-03-24 17:22:24'),
(33, 'eligendi', 'Explicabo fugiat quo libero repellat. Iste quos cum exercitationem tenetur esse consequatur ut. Repellat vitae vero nihil qui suscipit et.', 370, 0, 18, 2, '2018-03-24 17:22:24', '2018-03-24 17:22:24'),
(34, 'ut', 'Non voluptatem neque esse quos dignissimos. Assumenda libero ex pariatur est sunt aut error. Molestiae ratione voluptatem est sint incidunt similique nihil qui. Quibusdam sint consequatur incidunt.', 692, 9, 30, 2, '2018-03-24 17:22:24', '2018-03-24 17:22:24'),
(35, 'sit', 'Eligendi facilis reiciendis rerum voluptas ipsa. Rerum doloribus ex sit fuga veritatis et. Id quo necessitatibus dolorem. Quas molestiae et voluptas sed qui nostrum rem.', 253, 6, 28, 4, '2018-03-24 17:22:24', '2018-03-24 17:22:24'),
(36, 'architecto', 'Recusandae et aut doloribus aperiam maiores dolores. Inventore quod temporibus sapiente fugiat vero. Sint cumque molestiae eligendi aut.', 972, 0, 18, 2, '2018-03-24 17:22:24', '2018-03-24 17:22:24'),
(37, 'provident', 'Inventore esse in explicabo eius deleniti molestiae quis. Qui quia velit amet ut. Earum molestiae aut ipsum omnis nisi beatae velit.', 465, 5, 14, 2, '2018-03-24 17:22:24', '2018-03-24 17:22:24'),
(38, 'dolor', 'Maiores earum asperiores delectus incidunt eos. Reprehenderit ratione explicabo maiores. Enim ut minus et. Vel sint dolores quis doloribus nesciunt explicabo.', 908, 2, 5, 5, '2018-03-24 17:22:24', '2018-03-24 17:22:24'),
(39, 'numquam', 'Amet illum distinctio iste consequuntur nam molestias vel itaque. Dolores at eligendi voluptatem optio. Est nostrum molestiae blanditiis qui laborum sit. Eveniet est laborum quod.', 273, 3, 16, 5, '2018-03-24 17:22:24', '2018-03-24 17:22:24'),
(40, 'molestias', 'Placeat ab aut qui rerum pariatur. Ad quas magni voluptates qui itaque quas dolores qui.', 320, 1, 12, 1, '2018-03-24 17:22:24', '2018-03-24 17:22:24'),
(41, 'non', 'Ut aperiam ipsa eligendi inventore iure. Ipsum occaecati ea consequatur nam id. Commodi suscipit beatae autem quidem quisquam error odit. Optio at tenetur illo ad optio cupiditate qui.', 108, 1, 15, 5, '2018-03-24 17:22:24', '2018-03-24 17:22:24'),
(42, 'itaque', 'Sit excepturi placeat est. Minus velit rerum quisquam cumque incidunt magni. Est amet deserunt alias repellat praesentium consequuntur. Culpa quidem maxime vel harum quibusdam.', 228, 6, 24, 2, '2018-03-24 17:22:24', '2018-03-24 17:22:24'),
(43, 'et', 'Quia modi tempore aspernatur porro sint. Tempora rerum ex delectus. Ratione distinctio architecto tenetur nostrum doloribus. Quia eveniet minus blanditiis mollitia ut.', 375, 5, 22, 3, '2018-03-24 17:22:24', '2018-03-24 17:22:24'),
(44, 'nostrum', 'Quo eaque maiores illo aut porro perferendis libero. Inventore numquam eum incidunt velit vel fuga. Vel et quia eius sit.', 932, 0, 28, 4, '2018-03-24 17:22:24', '2018-03-24 17:22:24'),
(45, 'enim', 'Libero ullam nostrum eius nemo. Ea non odio et voluptatem adipisci quam.', 495, 3, 24, 1, '2018-03-24 17:22:24', '2018-03-24 17:22:24'),
(46, 'reprehenderit', 'Dolores qui non quia aspernatur delectus provident et. Maiores rerum cupiditate sint eum cumque minus. Similique quaerat porro aut molestiae ut et. Qui aut corporis officia qui alias.', 154, 6, 2, 2, '2018-03-24 17:22:24', '2018-03-24 17:22:24'),
(47, 'consequatur', 'Tenetur dolor ea animi nesciunt. Tenetur eos perferendis dolores aspernatur ut porro consequatur. Alias id rem consequatur dolor voluptatem.', 313, 4, 18, 5, '2018-03-24 17:22:24', '2018-03-24 17:22:24'),
(48, 'mollitia', 'Velit dignissimos quia quisquam nobis voluptate eligendi nam. Omnis quod voluptatem non ullam necessitatibus. Corrupti molestias non ut dolor consequatur incidunt quis.', 585, 6, 20, 3, '2018-03-24 17:22:24', '2018-03-24 17:22:24'),
(49, 'id', 'Corrupti rerum quos fugiat sunt sunt. Est officia excepturi veritatis provident neque. Animi rerum recusandae quam incidunt voluptatibus non.', 338, 9, 30, 2, '2018-03-24 17:22:24', '2018-03-24 17:22:24'),
(50, 'accusamus', 'Eos est consectetur atque est tenetur aliquam. Numquam aliquam molestiae accusantium rem vitae voluptate. Dolore similique nulla esse nobis.', 789, 3, 18, 1, '2018-03-24 17:22:24', '2018-03-24 17:22:24'),
(51, 'Furniture', 'Very good', 100, 25, 50, 3, '2018-03-24 18:40:20', '2018-03-24 18:40:20');

-- --------------------------------------------------------

--
-- Table structure for table `reviews`
--

CREATE TABLE `reviews` (
  `id` int(10) UNSIGNED NOT NULL,
  `product_id` int(10) UNSIGNED NOT NULL,
  `customer` varchar(191) COLLATE utf8mb4_unicode_ci NOT NULL,
  `review` text COLLATE utf8mb4_unicode_ci NOT NULL,
  `star` int(11) NOT NULL,
  `created_at` timestamp NULL DEFAULT NULL,
  `updated_at` timestamp NULL DEFAULT NULL
) ENGINE=InnoDB DEFAULT CHARSET=utf8mb4 COLLATE=utf8mb4_unicode_ci;

--
-- Dumping data for table `reviews`
--

INSERT INTO `reviews` (`id`, `product_id`, `customer`, `review`, `star`, `created_at`, `updated_at`) VALUES
(1, 42, 'Cheyenne Altenwerth II', 'Quidem officiis officiis impedit tempore reprehenderit velit ullam. Blanditiis veniam non nobis perferendis.', 0, '2018-03-24 17:22:26', '2018-03-24 17:22:26'),
(2, 4, 'Brando Legros DDS', 'Aut voluptatibus illum ut commodi quasi eius. Rem velit unde architecto aliquid. Voluptatum laudantium modi temporibus hic voluptas est.', 5, '2018-03-24 17:22:26', '2018-03-24 17:22:26'),
(3, 14, 'Ally McDermott DDS', 'Ut aliquid incidunt veniam qui qui. Sint illo sed perspiciatis error sint veritatis eveniet eius. Cupiditate nulla culpa aut. Id rerum rem vero sequi temporibus illo vitae.', 5, '2018-03-24 17:22:26', '2018-03-24 17:22:26'),
(4, 5, 'Grant Romaguera', 'A porro quo rerum voluptas tempore. Vel officiis vel et doloribus qui quibusdam repellendus. Accusamus blanditiis tenetur magnam enim voluptatem.', 1, '2018-03-24 17:22:26', '2018-03-24 17:22:26'),
(5, 33, 'Alessandra Stiedemann', 'Maiores autem molestias sed quia amet vel. Repellendus ea minus error doloremque rem pariatur. Architecto laboriosam culpa consequatur sint. Dolore ipsam fugit similique quia sit dolor similique. Consequatur aut nostrum explicabo quia.', 4, '2018-03-24 17:22:26', '2018-03-24 17:22:26'),
(6, 32, 'Shanny Stroman', 'Dolor ut nihil molestias excepturi. Et non quam exercitationem autem. Distinctio laboriosam dolorum mollitia maiores ex consequatur officiis.', 2, '2018-03-24 17:22:26', '2018-03-24 17:22:26'),
(7, 16, 'Mrs. Twila Purdy', 'Mollitia quam provident neque voluptatem enim expedita. Repellendus quas ut quidem. Impedit quae nulla nulla cumque iure in.', 3, '2018-03-24 17:22:26', '2018-03-24 17:22:26'),
(8, 4, 'Prof. Madyson Huels DVM', 'Laboriosam ducimus hic laudantium necessitatibus. At omnis et ipsum dolor et asperiores. Rerum velit hic est at porro.', 3, '2018-03-24 17:22:26', '2018-03-24 17:22:26'),
(9, 47, 'Dr. Jaydon Pollich III', 'Id nulla omnis iste qui totam nisi soluta. Consequuntur quasi et voluptatem velit. Assumenda maxime quaerat ipsa qui.', 5, '2018-03-24 17:22:26', '2018-03-24 17:22:26'),
(10, 5, 'Naomie Grady', 'Rem voluptates odit eum ut culpa consectetur molestiae. Est rerum voluptatum delectus dignissimos quod enim. Et qui consectetur facilis at.', 0, '2018-03-24 17:22:26', '2018-03-24 17:22:26'),
(11, 21, 'Raheem Shields', 'Possimus at soluta soluta ipsa. Quos molestiae unde voluptas qui. Ut quis quia recusandae minus sunt deserunt. Alias nam quo odit ad rem aut qui.', 5, '2018-03-24 17:22:26', '2018-03-24 17:22:26'),
(12, 26, 'Andres Hudson', 'Tenetur ipsum eligendi ipsum explicabo recusandae laboriosam. Debitis consequatur est similique sed vero molestias molestiae. Sed nostrum neque maxime quidem et impedit et consequatur.', 3, '2018-03-24 17:22:26', '2018-03-24 17:22:26'),
(13, 10, 'Lia Mertz', 'Ipsa ea non similique amet qui molestiae. Ea corporis natus ducimus aspernatur. Dolorum quasi sint aut ut quos. Sapiente velit quod est veniam tempora.', 0, '2018-03-24 17:22:26', '2018-03-24 17:22:26'),
(14, 25, 'Brayan Dickinson', 'Quibusdam ipsam ad est dicta. Maxime qui dolor ipsam in. Odit nostrum quia facilis ut ut ratione.', 4, '2018-03-24 17:22:26', '2018-03-24 17:22:26'),
(15, 39, 'Prof. Hayley Stamm', 'Est sit molestiae ipsum ut. Qui sed mollitia debitis et aut et quos. Nam fugit dignissimos sequi voluptate. Rerum rerum ea eius rerum numquam exercitationem nihil ducimus.', 4, '2018-03-24 17:22:26', '2018-03-24 17:22:26'),
(16, 19, 'Fiona Monahan', 'Quos dicta optio velit soluta. Et ullam id reiciendis necessitatibus molestiae aut suscipit excepturi. Corrupti qui non ad.', 0, '2018-03-24 17:22:26', '2018-03-24 17:22:26'),
(17, 16, 'Esteban Schulist', 'Alias est debitis dolorem sed perferendis. Nam dicta expedita in deleniti et adipisci aut. Beatae nemo praesentium dolore quasi aut. Eos ut omnis fugit.', 4, '2018-03-24 17:22:26', '2018-03-24 17:22:26'),
(18, 35, 'Orpha Heller III', 'Magni expedita aut vel quo nulla in. Quia qui ut nulla laudantium animi sunt recusandae. Sed qui facere est et perferendis ipsam voluptatem.', 0, '2018-03-24 17:22:26', '2018-03-24 17:22:26'),
(19, 18, 'Olen Goyette', 'Tempore natus non consectetur. Dolorem est aut autem dolore eaque accusantium.', 1, '2018-03-24 17:22:26', '2018-03-24 17:22:26'),
(20, 5, 'Easton Jacobson', 'Voluptas recusandae fugiat et dolorem omnis a sint. Est architecto labore esse reiciendis. Ad exercitationem sint suscipit atque.', 0, '2018-03-24 17:22:26', '2018-03-24 17:22:26'),
(21, 17, 'Precious Fisher', 'Omnis non quos similique. Rerum dolorem quia impedit officia rerum sunt rerum eos. Perspiciatis in corporis quia ea. Omnis architecto quibusdam amet ad animi cupiditate.', 0, '2018-03-24 17:22:26', '2018-03-24 17:22:26'),
(22, 3, 'Prof. Libbie Moen PhD', 'Earum asperiores modi velit a explicabo ad. Sequi vel sint explicabo est expedita enim. Provident et ipsum voluptatem nihil ipsa et. Quia cupiditate ut suscipit minima ipsum.', 1, '2018-03-24 17:22:26', '2018-03-24 17:22:26'),
(24, 26, 'Micaela Fadel IV', 'Animi neque commodi qui ut iusto omnis laboriosam. Neque ipsa error ducimus eaque voluptas sequi qui. Vel ut qui dolores dolor id. Et iusto fuga quidem ad.', 4, '2018-03-24 17:22:26', '2018-03-24 17:22:26'),
(25, 40, 'London Mann', 'Modi distinctio facere aut sed explicabo. Voluptatem adipisci illum repudiandae ut cum natus nulla. Aliquid ipsam voluptas odit enim voluptas omnis nulla voluptas.', 1, '2018-03-24 17:22:26', '2018-03-24 17:22:26'),
(26, 18, 'Maximillian Koelpin', 'Exercitationem soluta doloribus perferendis sit ipsa aut earum. Reprehenderit eos labore eum ut fuga magni. Distinctio mollitia illum cupiditate et deleniti dolor.', 0, '2018-03-24 17:22:26', '2018-03-24 17:22:26'),
(27, 41, 'Domingo Breitenberg', 'Et provident libero enim soluta voluptatem. Neque omnis ducimus qui sunt quasi rem. Recusandae enim nesciunt quidem voluptatum itaque quis qui. Vitae nisi tempore minus sed.', 5, '2018-03-24 17:22:27', '2018-03-24 17:22:27'),
(28, 44, 'Neoma Konopelski', 'Id consequatur optio facere sit commodi. Qui autem optio nulla quas sed. Maxime totam aut pariatur sed.', 1, '2018-03-24 17:22:27', '2018-03-24 17:22:27'),
(29, 48, 'Dr. Arlo Streich I', 'Dolores est sunt et illum. Et nulla atque exercitationem vel qui. Modi consequatur ea facilis dolores illum quis. Nam qui nulla id excepturi reiciendis accusamus id.', 3, '2018-03-24 17:22:27', '2018-03-24 17:22:27'),
(30, 1, 'Dangelo Eichmann', 'Nam natus tenetur architecto. Est quaerat odit quia quaerat. Excepturi similique non officia consequatur corrupti error excepturi.', 3, '2018-03-24 17:22:27', '2018-03-24 17:22:27'),
(31, 18, 'Joey Ondricka', 'Totam voluptates quaerat ea velit consectetur autem voluptatum assumenda. Numquam quibusdam aliquam consequatur et veniam rem nisi. Voluptatem non et sint. Asperiores suscipit aut id.', 5, '2018-03-24 17:22:27', '2018-03-24 17:22:27'),
(32, 43, 'Jaclyn Hilll', 'Tempora asperiores molestiae quod tempore. Qui mollitia sed maiores laudantium voluptatem amet est id. Quo hic commodi ex.', 3, '2018-03-24 17:22:27', '2018-03-24 17:22:27'),
(33, 14, 'Elyssa Hilpert', 'Eos nulla culpa ducimus sint. Omnis dolor dolores nam possimus numquam et aperiam. Et quia eius incidunt a placeat autem possimus. Est voluptates et quaerat rem.', 1, '2018-03-24 17:22:27', '2018-03-24 17:22:27'),
(34, 36, 'Bernard Parker', 'Dolorum rerum eaque praesentium deleniti occaecati. Quam veritatis ea eius possimus blanditiis dolorum. Velit rem et aut.', 5, '2018-03-24 17:22:27', '2018-03-24 17:22:27'),
(35, 39, 'Tabitha Botsford', 'Deserunt voluptatem reprehenderit voluptatem exercitationem et reprehenderit sed. Cum ratione iste doloremque sunt. Vel non mollitia ab nemo.', 4, '2018-03-24 17:22:27', '2018-03-24 17:22:27'),
(36, 17, 'Dr. Davon Lesch III', 'Laboriosam aliquam neque in dolor enim illo animi. Non vel mollitia asperiores numquam reiciendis consequatur. Voluptas non explicabo sint cumque pariatur accusamus consequatur illum. Nesciunt error nobis blanditiis tempora voluptatibus.', 3, '2018-03-24 17:22:27', '2018-03-24 17:22:27'),
(37, 19, 'Micheal Jaskolski', 'Labore rerum dolor et sint et. Iure vel et a eaque. Sapiente eum nam deserunt magni architecto maxime. Asperiores non ratione quaerat quia saepe perferendis.', 5, '2018-03-24 17:22:27', '2018-03-24 17:22:27'),
(38, 4, 'Korbin Ortiz PhD', 'Itaque aut error ab ut quisquam laboriosam. Non velit sit minima voluptatem aspernatur vel. Modi fugiat enim animi facere eius ullam. Assumenda atque delectus quam doloremque et eos hic est. Distinctio ut tenetur ut quia repudiandae debitis harum iusto.', 2, '2018-03-24 17:22:27', '2018-03-24 17:22:27'),
(39, 13, 'Yoshiko Hartmann', 'Sapiente quis est ducimus autem dolorum rem adipisci. Perspiciatis iusto est aut excepturi ipsa ducimus consequatur. In non aut expedita cumque cupiditate consequatur placeat.', 3, '2018-03-24 17:22:27', '2018-03-24 17:22:27'),
(40, 34, 'Hazle Howe II', 'Eaque dolorem molestias tempore eum beatae sed. Voluptatem omnis quia possimus id ut. Possimus quia perferendis itaque deleniti necessitatibus dignissimos provident. Exercitationem ab eum sit dolores voluptatem ipsam alias.', 5, '2018-03-24 17:22:27', '2018-03-24 17:22:27'),
(41, 34, 'Quinton Thiel', 'Corrupti ullam molestiae quidem aspernatur sint aspernatur. Dolorem suscipit quia quos est corporis illo. Incidunt doloribus voluptatum non ducimus cumque excepturi sed rerum.', 2, '2018-03-24 17:22:27', '2018-03-24 17:22:27'),
(42, 13, 'Ms. Opal Rempel', 'Est minus rerum vero qui facilis voluptatum. Architecto ipsam sint assumenda inventore saepe hic et.', 5, '2018-03-24 17:22:27', '2018-03-24 17:22:27'),
(43, 19, 'Sanford Leannon', 'Veritatis sint earum est. Vel mollitia consectetur rem placeat neque. Omnis ipsum ex culpa non omnis sit. Aut qui aliquam omnis quaerat alias quo sed. Officia doloribus qui voluptas vel et doloribus quis.', 4, '2018-03-24 17:22:27', '2018-03-24 17:22:27'),
(44, 1, 'Christiana Glover', 'Exercitationem adipisci cupiditate consequuntur quia blanditiis et perspiciatis. Et sunt ipsum est expedita dolorem est.', 0, '2018-03-24 17:22:27', '2018-03-24 17:22:27'),
(45, 18, 'Lori Jakubowski', 'Velit consequatur voluptates aut suscipit incidunt nam. Impedit dolores voluptatem eligendi aut eos veritatis voluptatibus perspiciatis. Quo ipsa est architecto. Sequi dolor autem aperiam ullam modi voluptate laudantium.', 5, '2018-03-24 17:22:27', '2018-03-24 17:22:27'),
(46, 14, 'Mrs. Leanna Hegmann', 'Nulla ullam numquam possimus animi labore perspiciatis. Recusandae alias laudantium iure. Voluptatem et natus cum repellendus nobis voluptatem. Ut repellat qui laboriosam doloremque nobis.', 4, '2018-03-24 17:22:27', '2018-03-24 17:22:27'),
(47, 39, 'Easton Corkery Sr.', 'Deleniti est qui odio impedit et. Totam nulla repellendus iste est. Possimus sed repellat suscipit dolorem mollitia. Et odio ad molestiae quaerat.', 3, '2018-03-24 17:22:27', '2018-03-24 17:22:27'),
(48, 10, 'Geraldine Hoppe', 'Tenetur iusto tempore doloremque. Tempore est quisquam sit sed nesciunt id et. Et necessitatibus rem laboriosam.', 5, '2018-03-24 17:22:27', '2018-03-24 17:22:27'),
(49, 9, 'Randy Schmidt', 'Magni quo dignissimos dignissimos maiores necessitatibus. Maxime sit dolor in quia velit. Eum nisi quasi pariatur animi.', 3, '2018-03-24 17:22:27', '2018-03-24 17:22:27'),
(50, 47, 'Mariela Rohan', 'Excepturi dignissimos ratione corporis porro ullam. Ut est repudiandae voluptatem placeat repudiandae labore. Distinctio voluptatem ea fugit nostrum aliquid cum. Vero qui accusamus delectus minima dignissimos. Voluptatem est perferendis consequatur error modi.', 4, '2018-03-24 17:22:27', '2018-03-24 17:22:27'),
(51, 11, 'Noe Barrows', 'Voluptate illum sit voluptatem rem commodi et. Ipsum aut qui quis excepturi est consequuntur. Eos enim accusantium officia temporibus nisi esse. Iusto culpa accusamus consequatur debitis quis perspiciatis nesciunt.', 1, '2018-03-24 17:22:27', '2018-03-24 17:22:27'),
(52, 34, 'Bernhard Bosco', 'Necessitatibus repudiandae quibusdam dolorem. Eum officia molestias possimus aut veniam harum mollitia. Eos veniam ipsam recusandae iure fugit et. Quas quae ut qui aut sint assumenda velit.', 3, '2018-03-24 17:22:27', '2018-03-24 17:22:27'),
(53, 46, 'Candace Corkery', 'Rem consequatur minima est est. Voluptatibus maiores impedit sint inventore suscipit. Consequuntur fugiat dolores commodi quo odio consectetur veritatis quidem. Ea harum sunt consectetur omnis maxime ab laudantium.', 4, '2018-03-24 17:22:27', '2018-03-24 17:22:27'),
(54, 24, 'Oda Wehner', 'Ab non est officiis officiis. Est expedita reiciendis eos officia eveniet eos deleniti porro. In aperiam sit sint sequi velit porro debitis officiis. Vel sed ratione dignissimos distinctio.', 0, '2018-03-24 17:22:27', '2018-03-24 17:22:27'),
(55, 34, 'Viola Gibson', 'Quo facere aspernatur sit distinctio. Nihil tempora magnam quia qui reiciendis dolore.', 4, '2018-03-24 17:22:27', '2018-03-24 17:22:27'),
(56, 30, 'Uriah Bins Jr.', 'Fuga aut dolores labore dignissimos. Sit dolor minima non. Et possimus sit cum magni molestias veritatis qui. Officiis vel sit ipsa voluptatem ea.', 3, '2018-03-24 17:22:27', '2018-03-24 17:22:27'),
(57, 4, 'Lela Ullrich', 'Asperiores id ut voluptate aut. Ullam explicabo et at ut modi perferendis necessitatibus aut.', 5, '2018-03-24 17:22:27', '2018-03-24 17:22:27'),
(58, 44, 'Guy Lang IV', 'Quisquam deleniti molestiae dolorum deleniti et. Ipsam et deserunt quibusdam explicabo blanditiis est. Deserunt perspiciatis quod voluptas recusandae pariatur. Officia sed dolor mollitia quod.', 0, '2018-03-24 17:22:28', '2018-03-24 17:22:28'),
(59, 18, 'Ms. Eryn Kutch DDS', 'Ullam velit non quam ea. Quisquam illo veniam necessitatibus quis perspiciatis dolore. Et voluptates ut eveniet dolorum aut.', 4, '2018-03-24 17:22:28', '2018-03-24 17:22:28'),
(60, 33, 'Deron Beier', 'Dolor minus aperiam aut quo ut. Adipisci expedita aut dicta ea dolores nostrum. Exercitationem eum saepe velit et totam est velit quos.', 5, '2018-03-24 17:22:28', '2018-03-24 17:22:28'),
(61, 21, 'Jamaal Schaden', 'Qui qui corrupti error consequuntur voluptatem. Quis qui rerum odio doloribus exercitationem. In similique mollitia soluta nemo ipsa adipisci modi.', 2, '2018-03-24 17:22:28', '2018-03-24 17:22:28'),
(62, 19, 'Jade Heaney', 'Ut qui voluptatibus magnam. Voluptatem nam porro quas et libero. Voluptates doloremque ex error sunt porro quo. Tempora ratione et nemo aperiam error quam.', 5, '2018-03-24 17:22:28', '2018-03-24 17:22:28'),
(63, 40, 'Rocio Von', 'Voluptatem odio cumque consequatur consequuntur et ut corporis. Omnis quos et laudantium totam. Quibusdam provident architecto id. Voluptatem quo dicta vel laboriosam libero ipsam maxime.', 1, '2018-03-24 17:22:28', '2018-03-24 17:22:28'),
(64, 15, 'Prof. Joshua Schumm', 'Recusandae qui consectetur fugiat. Et nihil nihil voluptas nostrum. Omnis hic deleniti vel quasi aperiam pariatur. Ea voluptas non tempora iusto ut.', 4, '2018-03-24 17:22:28', '2018-03-24 17:22:28'),
(65, 50, 'Ladarius Lindgren', 'Enim enim nemo qui quia. Minus consectetur placeat expedita est sit sunt minus. Eveniet repellat error ipsam iste omnis id. Nobis architecto fugiat iste omnis. Rerum vel soluta aut ducimus.', 1, '2018-03-24 17:22:28', '2018-03-24 17:22:28'),
(66, 30, 'Ms. Selina Langworth Jr.', 'Odit quam esse minima. Qui harum omnis voluptates quod aliquam eius. Saepe fuga est nulla. Dignissimos aut quaerat impedit.', 2, '2018-03-24 17:22:28', '2018-03-24 17:22:28'),
(67, 42, 'Laila Jenkins', 'Nemo culpa sit illum quo ut. Est reiciendis ipsam iusto. Blanditiis molestiae nobis error ratione. Qui a ut distinctio quo.', 1, '2018-03-24 17:22:28', '2018-03-24 17:22:28'),
(68, 10, 'Aidan Little I', 'Consequatur qui esse assumenda nulla et minima ut. Laudantium aut aut doloribus aut id quia. Consequuntur eos esse sunt et rem labore quidem.', 1, '2018-03-24 17:22:28', '2018-03-24 17:22:28'),
(69, 9, 'Mrs. Marquise Lehner DDS', 'Aliquid voluptatem et dolores dolores. Sit dolore laboriosam quia ut impedit. Exercitationem quod asperiores et dignissimos expedita impedit.', 5, '2018-03-24 17:22:28', '2018-03-24 17:22:28'),
(70, 20, 'Arch Spencer', 'Eaque qui et non. Sit ipsam repudiandae voluptates.', 5, '2018-03-24 17:22:28', '2018-03-24 17:22:28'),
(71, 30, 'Prof. Christop Kovacek III', 'Minus incidunt est ad aut. Reiciendis provident maiores adipisci rerum dolores aut aliquid voluptate. Nihil alias quia vero enim vero rerum quia. Molestiae voluptas commodi ut magni.', 3, '2018-03-24 17:22:28', '2018-03-24 17:22:28'),
(72, 5, 'Clifton Gulgowski', 'Voluptatem quisquam distinctio ut at. Magnam magni similique tenetur vel delectus possimus consequatur incidunt. Pariatur cum explicabo nihil. Et et hic aliquid. Exercitationem in necessitatibus dolor officiis blanditiis expedita perferendis.', 4, '2018-03-24 17:22:28', '2018-03-24 17:22:28'),
(73, 46, 'Ms. Ivy Abbott', 'Autem excepturi quia quia aspernatur. Corrupti et deserunt voluptatibus sit soluta. Impedit aut sit fugiat magnam. Ea sint minima expedita veritatis. Aut non est est id.', 2, '2018-03-24 17:22:28', '2018-03-24 17:22:28'),
(74, 24, 'Evie Crooks', 'Tempore placeat dicta et aut qui. In voluptatem qui ab quibusdam accusamus rerum. Et velit veritatis neque minus. Assumenda optio amet quis.', 4, '2018-03-24 17:22:28', '2018-03-24 17:22:28'),
(75, 29, 'Mr. Elwyn Klein', 'Aliquam necessitatibus ex praesentium quidem. Placeat magni culpa aut earum possimus est et placeat. Dolorem quia et eaque fuga.', 3, '2018-03-24 17:22:28', '2018-03-24 17:22:28'),
(77, 13, 'Frederik Flatley', 'Magni accusamus dicta ipsa voluptatem possimus. Accusamus maxime ex voluptatem illum minus in illum. Ut enim veniam recusandae commodi aliquid veritatis. Recusandae dicta consequuntur distinctio aut sed dolores minima.', 3, '2018-03-24 17:22:28', '2018-03-24 17:22:28'),
(78, 39, 'Agnes Nader', 'Hic ab omnis voluptatem cum laboriosam vero. Sunt voluptates totam id reprehenderit. Et libero aut eos. Aut nostrum sint quia sed ut.', 4, '2018-03-24 17:22:28', '2018-03-24 17:22:28'),
(79, 43, 'Nathen Reinger MD', 'Fuga non mollitia ut impedit aut minus debitis. Ducimus pariatur quibusdam aut libero ab. Laborum quia est ut laboriosam vel ea in. Voluptatibus porro nobis voluptatem dignissimos cum vel.', 2, '2018-03-24 17:22:28', '2018-03-24 17:22:28'),
(80, 43, 'Omari Parisian', 'Magni minima blanditiis voluptatibus ad at ab quia tempore. Et aspernatur occaecati qui sint dolorem voluptatem. Earum similique quidem officia voluptas harum. Quam rerum provident nemo est perspiciatis.', 0, '2018-03-24 17:22:28', '2018-03-24 17:22:28'),
(81, 50, 'Wendy Gusikowski Sr.', 'Et earum praesentium qui facere eum aut. Nemo excepturi ipsum rerum cupiditate. Placeat dolorem numquam esse quas perferendis. In adipisci qui non.', 0, '2018-03-24 17:22:28', '2018-03-24 17:22:28'),
(82, 45, 'Zane Cole', 'Laboriosam magni labore commodi cupiditate. Voluptates libero impedit voluptatem ut laudantium omnis dignissimos. Consequatur quia voluptas distinctio. Iusto occaecati laborum sed et. Minima consequatur debitis et magnam enim dolorem fugit.', 2, '2018-03-24 17:22:28', '2018-03-24 17:22:28'),
(83, 10, 'Aliyah Berge IV', 'Id non corrupti dolorem cum. Qui est dolores nam laboriosam nobis nihil. Rerum rem maxime voluptatem autem blanditiis totam.', 1, '2018-03-24 17:22:28', '2018-03-24 17:22:28'),
(84, 48, 'Michaela Muller', 'Incidunt saepe dolor quod occaecati minus. Nihil vero cum omnis nihil occaecati quod sunt. Qui voluptatum esse dicta laboriosam repellat. Omnis sunt quos rerum et est tempora nihil.', 0, '2018-03-24 17:22:28', '2018-03-24 17:22:28'),
(85, 26, 'Sadye Flatley', 'Corporis maiores harum et iure. Aliquid sed fuga beatae. Sed sequi non commodi aut quia.', 4, '2018-03-24 17:22:28', '2018-03-24 17:22:28'),
(86, 34, 'Carmela Spencer', 'Ipsum qui qui totam non officia recusandae laboriosam. Officia rerum natus et pariatur nihil quod laboriosam. Velit sequi adipisci consequatur ea nobis velit et. A nobis saepe soluta sequi consequatur earum rerum.', 4, '2018-03-24 17:22:28', '2018-03-24 17:22:28'),
(88, 9, 'Miss Alize Walter Jr.', 'Est voluptatem laborum est praesentium laborum. Quidem quis et et provident accusamus vero dolorem. Nulla aut iste vel pariatur reiciendis. Est quas molestiae sit distinctio itaque velit quia.', 4, '2018-03-24 17:22:29', '2018-03-24 17:22:29'),
(89, 17, 'Ramona Feest', 'Odio voluptatem omnis nihil. Odit qui ea voluptatum et repudiandae est et. Quas exercitationem excepturi sapiente.', 2, '2018-03-24 17:22:29', '2018-03-24 17:22:29'),
(90, 49, 'Bernadine Reilly', 'Voluptas fugiat quisquam voluptate repudiandae. Est commodi laborum omnis aut vitae alias. Minima ut omnis provident nisi quae dolorem.', 2, '2018-03-24 17:22:29', '2018-03-24 17:22:29'),
(91, 8, 'Emelia Armstrong', 'Ut minima rerum fuga. Est nulla quaerat nesciunt tempora animi. Dicta reprehenderit sapiente natus et voluptas.', 3, '2018-03-24 17:22:29', '2018-03-24 17:22:29'),
(92, 42, 'Viva Renner', 'Sit sequi quaerat accusantium consequatur quia a deserunt. Enim dolore quia praesentium consequatur assumenda voluptatem. Aut modi deleniti qui id blanditiis.', 5, '2018-03-24 17:22:29', '2018-03-24 17:22:29'),
(93, 16, 'Dr. Alejandrin Bergnaum II', 'Sit soluta et iste ad aut ut quia. Libero sapiente et tenetur dignissimos qui eos libero. Quia alias ad excepturi eaque. Sit ratione cumque similique non aut.', 0, '2018-03-24 17:22:29', '2018-03-24 17:22:29'),
(94, 19, 'Chelsea Collins', 'Possimus est officiis pariatur id enim a consequuntur. Omnis blanditiis ea aliquam ad sint est ut. Optio qui et autem dignissimos dignissimos eos.', 3, '2018-03-24 17:22:29', '2018-03-24 17:22:29'),
(95, 44, 'Idella Bergnaum', 'Nihil iure rem et. Quam quo aut inventore delectus. Id numquam doloremque reiciendis non reiciendis magnam voluptatum voluptas. Et vero nihil occaecati autem tempore porro error.', 1, '2018-03-24 17:22:29', '2018-03-24 17:22:29'),
(96, 32, 'Raina Murazik', 'Explicabo exercitationem esse atque eum explicabo dicta. Molestias et ut ullam veniam ipsum accusamus inventore.', 3, '2018-03-24 17:22:29', '2018-03-24 17:22:29'),
(97, 41, 'Prof. Carleton Koss DVM', 'Rerum minima unde quam ut dolorum consequuntur. Dolorem cum qui praesentium consequatur culpa. Aperiam sequi dicta beatae nihil et consectetur. Eos sint eos deserunt consectetur ab at. Ex sit qui qui et fuga distinctio laboriosam.', 4, '2018-03-24 17:22:29', '2018-03-24 17:22:29'),
(98, 33, 'Violet Morissette', 'Iure qui voluptatibus labore est ratione laudantium. Blanditiis illo possimus neque enim. Tempore earum assumenda ut necessitatibus quae perferendis aut voluptatem. Doloremque voluptatem perferendis sapiente totam minima consequuntur.', 1, '2018-03-24 17:22:29', '2018-03-24 17:22:29'),
(99, 50, 'Prof. Quincy Rempel', 'Sed officiis illo natus tempore corporis. Fugit dolores voluptatibus et animi. Ad non nulla recusandae quae at vitae sequi praesentium. Quis rerum aut quasi animi ea est.', 4, '2018-03-24 17:22:29', '2018-03-24 17:22:29'),
(100, 2, 'Alva Shanahan', 'Officia quis at expedita sed quisquam. Fuga assumenda eveniet autem pariatur delectus reprehenderit. Enim ullam omnis dicta animi. Et qui sunt enim.', 1, '2018-03-24 17:22:29', '2018-03-24 17:22:29'),
(101, 29, 'Shana Cummings V', 'Doloribus omnis numquam quos. Voluptas aut voluptatem unde eum. Et nihil autem occaecati. Corrupti consequuntur sed quae nemo eaque sed sit.', 4, '2018-03-24 17:22:29', '2018-03-24 17:22:29'),
(102, 34, 'Lelia Abernathy', 'Pariatur quia laboriosam non incidunt aut. Vel architecto quis at cum laborum quas. Aut perferendis doloribus debitis.', 4, '2018-03-24 17:22:29', '2018-03-24 17:22:29'),
(103, 49, 'Ms. Melisa Schinner DVM', 'Doloremque ea necessitatibus qui est ab et. Aut error asperiores aut. Dolorem molestiae incidunt nisi.', 4, '2018-03-24 17:22:29', '2018-03-24 17:22:29'),
(104, 22, 'Mylene Fritsch I', 'Et deserunt maiores quis perferendis autem dolorem ad consequatur. Quae sit expedita voluptas. Quidem doloribus eos repellat laborum. Doloribus qui aut quos nisi voluptas doloremque.', 1, '2018-03-24 17:22:29', '2018-03-24 17:22:29'),
(105, 47, 'Thomas Gerlach III', 'Deleniti quibusdam rerum ut aut deleniti consectetur dignissimos dignissimos. Est et magni quasi repudiandae facilis fugit. Repellat mollitia minus sapiente quia impedit.', 4, '2018-03-24 17:22:29', '2018-03-24 17:22:29'),
(106, 40, 'Prof. Naomie Bartell Sr.', 'Dolore beatae incidunt mollitia inventore dolorum ut. Quam minima dolor aut rem voluptatem. Et rerum sit nihil est possimus.', 2, '2018-03-24 17:22:29', '2018-03-24 17:22:29'),
(107, 12, 'Marion Luettgen', 'Recusandae deserunt aut repudiandae dolorem. Reiciendis rerum dolorem nam. Excepturi id quod eius quod dolorem harum.', 4, '2018-03-24 17:22:29', '2018-03-24 17:22:29'),
(108, 32, 'Prof. Hertha Yost', 'Porro architecto libero architecto ut. Est ducimus odio sint asperiores omnis. Error eos et veritatis aut a dolorum in ut. Facere fugiat autem maiores accusamus voluptatem rerum quo est.', 2, '2018-03-24 17:22:29', '2018-03-24 17:22:29'),
(109, 17, 'Lori Reilly II', 'Id ipsum aliquid expedita eos beatae quia. Est facilis aut aspernatur aspernatur reiciendis qui. Porro asperiores earum voluptates ipsam dicta.', 2, '2018-03-24 17:22:29', '2018-03-24 17:22:29'),
(110, 32, 'Bulah West', 'Voluptate aut ut amet voluptate aut odit sit sed. Accusantium provident illo deleniti inventore molestiae dolore provident aut. Aut totam ut neque itaque eum omnis libero. Molestias laborum itaque consequatur cumque possimus neque atque.', 0, '2018-03-24 17:22:29', '2018-03-24 17:22:29'),
(111, 38, 'Vidal Osinski', 'Delectus dolorum dolor iure aut. Sed nisi et error laborum voluptas laudantium vel. Rerum dolor voluptatem rerum necessitatibus dolor porro sint. Qui et nisi ea et fugit.', 4, '2018-03-24 17:22:29', '2018-03-24 17:22:29'),
(112, 26, 'Sasha Roob', 'Inventore accusantium et neque eveniet. Libero porro iste dolores id accusantium voluptatem. Non quidem voluptates quasi qui laboriosam ipsa natus. Possimus similique molestiae cum. Aut est qui eveniet optio ut.', 5, '2018-03-24 17:22:29', '2018-03-24 17:22:29'),
(113, 3, 'Ricardo Moen', 'Aliquam vitae eveniet reiciendis. Voluptatem consectetur quidem consectetur ut. Ad placeat sequi corporis est doloremque. Dolor nisi similique architecto necessitatibus error.', 2, '2018-03-24 17:22:29', '2018-03-24 17:22:29'),
(114, 1, 'Ms. Pearline Jaskolski', 'Explicabo magni eos distinctio ullam. Quisquam deleniti necessitatibus voluptatem omnis. Vel sed iure veniam consequuntur mollitia.', 1, '2018-03-24 17:22:29', '2018-03-24 17:22:29'),
(115, 22, 'Mr. Esteban McKenzie Jr.', 'Quo quasi consequatur velit qui repellat. Nihil dolor totam quia doloremque et. Ratione quis quia voluptas quia est ut. Et libero consequuntur corrupti iure et.', 0, '2018-03-24 17:22:29', '2018-03-24 17:22:29'),
(116, 31, 'Kaitlyn Haag', 'Nobis ut et et sed modi. Incidunt architecto quidem earum quidem repudiandae omnis repellat. Molestias a nisi consectetur dolor consequuntur enim id debitis.', 3, '2018-03-24 17:22:29', '2018-03-24 17:22:29'),
(117, 30, 'Dr. Linda Cormier', 'Mollitia provident et similique quis. Praesentium quaerat qui quibusdam alias dicta id. Temporibus et eos nihil aliquid. Consequatur natus nihil beatae officiis sequi.', 4, '2018-03-24 17:22:29', '2018-03-24 17:22:29'),
(118, 17, 'Prof. Neil Hand PhD', 'Enim accusamus est corrupti voluptate et. Magnam ad fugit quis et tempora. Tempora occaecati assumenda distinctio iusto. Debitis sunt porro distinctio mollitia.', 2, '2018-03-24 17:22:29', '2018-03-24 17:22:29'),
(119, 6, 'Ms. Caterina Lowe DDS', 'Ex ad quia vel voluptas cumque amet. Ipsam et voluptatem dolores amet sit labore.', 1, '2018-03-24 17:22:29', '2018-03-24 17:22:29'),
(120, 41, 'Ms. Molly Erdman II', 'Fuga aliquam officiis et impedit ab. Porro odit ut molestiae.', 2, '2018-03-24 17:22:29', '2018-03-24 17:22:29'),
(121, 10, 'Veda Rowe', 'Ea numquam quis qui numquam veritatis tempore iste ut. Illum dolore dignissimos et similique voluptatem adipisci quo. Eaque corrupti laudantium natus nisi molestiae et aut. Incidunt iure harum non in minus error inventore eum.', 4, '2018-03-24 17:22:29', '2018-03-24 17:22:29'),
(122, 41, 'Miss Savanna Eichmann DDS', 'Sed laboriosam incidunt aperiam sunt dolorem voluptate veniam vero. Non minima quas eos consequatur in possimus ipsa. Quae ea earum eaque perferendis ipsa necessitatibus sed. Ipsa autem doloremque nesciunt neque animi iusto.', 2, '2018-03-24 17:22:29', '2018-03-24 17:22:29'),
(123, 49, 'Dr. Graham Bins I', 'Ab aspernatur autem quia veritatis rerum est repudiandae. Sed ut aut doloremque doloribus totam rerum sunt. Nesciunt sunt vel ullam. Placeat quia sit reiciendis quam harum consequuntur.', 2, '2018-03-24 17:22:30', '2018-03-24 17:22:30'),
(124, 22, 'Mrs. Dahlia Sanford', 'Molestiae saepe illum iusto itaque officiis. Quo explicabo et est inventore nemo mollitia. Inventore est debitis natus esse at tempora. Error ut molestias qui non.', 0, '2018-03-24 17:22:30', '2018-03-24 17:22:30'),
(125, 26, 'Kyla Muller', 'Id praesentium rerum magnam ut earum dolores. Rem ducimus tenetur aliquam sint id. Et velit non laboriosam sapiente.', 5, '2018-03-24 17:22:30', '2018-03-24 17:22:30'),
(127, 31, 'Prof. Myron Conroy MD', 'Necessitatibus sequi impedit sit veritatis a. Quo enim sint accusantium ratione. In sunt qui sit fuga atque eligendi. Aperiam beatae aliquid sit dolorem porro illo.', 4, '2018-03-24 17:22:30', '2018-03-24 17:22:30'),
(128, 45, 'Miss Daisy Muller', 'Ut recusandae eos reprehenderit laboriosam cum odio deserunt. Tempore occaecati quam porro. Dignissimos quo quia autem omnis eum explicabo et ut.', 1, '2018-03-24 17:22:30', '2018-03-24 17:22:30'),
(129, 9, 'Earlene Cormier', 'Rerum explicabo voluptatem ea quod fugit. Eum nesciunt qui rerum fugit velit. Voluptatibus soluta consequatur laboriosam commodi odit molestiae labore neque.', 0, '2018-03-24 17:22:30', '2018-03-24 17:22:30'),
(130, 29, 'Bettye Lowe', 'Eius minus est ex qui dolorum in. Odio occaecati eligendi blanditiis consequatur. Quod enim omnis est eos ullam voluptate.', 3, '2018-03-24 17:22:30', '2018-03-24 17:22:30'),
(131, 21, 'Dr. Bart Ortiz', 'Non et vero sed itaque porro doloribus saepe. Tenetur assumenda adipisci voluptatum qui pariatur. Et ut neque maxime. Deserunt molestiae doloribus quaerat error iure et aut.', 5, '2018-03-24 17:22:30', '2018-03-24 17:22:30'),
(132, 47, 'Mrs. Chanel Reilly', 'Assumenda cupiditate illum repellendus et eum dicta. Cum rerum voluptatem quo quisquam occaecati.', 1, '2018-03-24 17:22:30', '2018-03-24 17:22:30'),
(133, 8, 'Hermann Legros', 'Esse velit est animi quo voluptas qui vel. Earum distinctio dolorem ducimus quasi. Nostrum quas eaque iste fugiat quas.', 0, '2018-03-24 17:22:30', '2018-03-24 17:22:30'),
(134, 38, 'Dr. Cory Schuster', 'Et voluptatem quo minus veniam ut optio et. Cum odio molestias possimus error velit. Et suscipit qui sunt quas fugit cumque.', 3, '2018-03-24 17:22:30', '2018-03-24 17:22:30'),
(135, 38, 'Samantha Gleichner', 'Sunt omnis sunt est porro consequatur suscipit. Aperiam maiores in incidunt atque aut ullam. Sit ut amet omnis eum tempora corrupti maiores in. Ratione autem voluptatem iste nobis.', 4, '2018-03-24 17:22:30', '2018-03-24 17:22:30'),
(136, 1, 'Ayana Wiegand', 'Animi eum rerum aliquid ab in. Iste eligendi quo ab tempora aliquid labore. Aut ut veniam tenetur omnis eaque. Nisi dolorum in aut ut unde qui repellendus et.', 4, '2018-03-24 17:22:30', '2018-03-24 17:22:30'),
(137, 15, 'Ms. Sadye Wolff Jr.', 'Unde sunt enim dolor ut ipsam quos. Eum eum impedit rerum nisi illum sit. Eligendi rem explicabo aut distinctio sunt magnam ut. Eligendi aliquam maiores quod aspernatur nesciunt.', 2, '2018-03-24 17:22:30', '2018-03-24 17:22:30'),
(138, 36, 'Claudine Boyle', 'Eveniet iste voluptatum quisquam natus eos esse. Beatae in tempore veniam autem doloribus. Minima omnis omnis quasi iusto. Cum ea est saepe.', 4, '2018-03-24 17:22:30', '2018-03-24 17:22:30'),
(139, 33, 'Addison Schmeler', 'Corporis iste id minus. Ut necessitatibus quis modi et. Dolor delectus laborum quas temporibus dolores accusantium et dolorem. Qui nisi qui voluptatem.', 0, '2018-03-24 17:22:30', '2018-03-24 17:22:30'),
(140, 50, 'Dr. Chandler Kassulke', 'Temporibus aut sapiente et ut illum esse. Rem commodi ex quasi a impedit repellendus placeat officia. Quaerat illum molestias et non autem.', 3, '2018-03-24 17:22:30', '2018-03-24 17:22:30'),
(141, 50, 'Prof. Coby Koch', 'Quos dolore veritatis repudiandae in repudiandae incidunt odio. Est magnam voluptatem atque et libero eveniet. Non eum eum fugiat odio. Quis ipsam esse veniam est mollitia et quas.', 4, '2018-03-24 17:22:30', '2018-03-24 17:22:30'),
(142, 15, 'Erling Haag', 'Dolores voluptas aut occaecati eaque necessitatibus autem autem. Quis qui autem illo in asperiores. Amet maxime nemo architecto aliquam.', 1, '2018-03-24 17:22:30', '2018-03-24 17:22:30'),
(143, 10, 'Carlotta Bernier', 'Deleniti necessitatibus laudantium possimus. Debitis at quos debitis molestiae tenetur eligendi. Qui aut voluptatem quasi recusandae nam quae non.', 1, '2018-03-24 17:22:30', '2018-03-24 17:22:30'),
(144, 30, 'Carley Lueilwitz', 'Nemo quo hic dolores repudiandae laboriosam. Neque voluptatem odio odio pariatur. Qui necessitatibus officiis qui soluta quod cumque quaerat dignissimos. Ipsam delectus ipsa dolores nam voluptates.', 4, '2018-03-24 17:22:30', '2018-03-24 17:22:30'),
(145, 4, 'Sonny Ferry PhD', 'Ut ullam et vero iusto porro dignissimos. Sit dolores maiores eum odit aperiam et. Neque dolores repudiandae fuga blanditiis aut iure quo.', 3, '2018-03-24 17:22:30', '2018-03-24 17:22:30'),
(146, 29, 'Gunnar Cremin', 'Et et repudiandae qui impedit alias sit. Sint repellat ex quia qui quasi aut alias. Saepe odio magni et dolore nisi accusamus.', 1, '2018-03-24 17:22:30', '2018-03-24 17:22:30'),
(147, 12, 'Tessie Kuvalis', 'Sit repellat laudantium odit perferendis aut sapiente voluptas. Veritatis facilis aut rerum fugit earum iure. Quasi dolores id aut maxime labore. Quis nesciunt quidem voluptas aperiam.', 0, '2018-03-24 17:22:30', '2018-03-24 17:22:30'),
(148, 14, 'Prof. Royal Kessler', 'Fugiat laborum voluptatum soluta atque. Voluptate eligendi qui beatae consequatur deleniti. Consequuntur harum maiores cupiditate. Repellat molestias debitis sapiente explicabo ipsa.', 1, '2018-03-24 17:22:30', '2018-03-24 17:22:30'),
(149, 44, 'Ms. Lorine Schowalter DDS', 'Autem impedit quo ducimus non beatae. Nesciunt iste velit et ab. Assumenda omnis a non perspiciatis quaerat.', 5, '2018-03-24 17:22:30', '2018-03-24 17:22:30'),
(150, 25, 'Blair Miller', 'Quis qui a provident voluptas voluptatem maxime. Eum sit sequi et dolore vel quia minus architecto. Ut voluptate ut deserunt aliquam. Soluta aperiam suscipit quo dolor.', 5, '2018-03-24 17:22:30', '2018-03-24 17:22:30'),
(151, 20, 'Prof. Adolphus Stehr', 'Voluptatum id est quia ea quas omnis. Qui et sint odio distinctio est quia.', 5, '2018-03-24 17:22:30', '2018-03-24 17:22:30'),
(152, 34, 'Maximus West', 'Fuga aut itaque voluptatibus consequatur optio saepe. Perferendis ullam porro qui quae repellendus illo.', 2, '2018-03-24 17:22:30', '2018-03-24 17:22:30'),
(153, 48, 'Prof. Kareem Heidenreich Jr.', 'Nisi dolorem accusamus odio omnis. Sit sunt nulla et ut ab illum quis mollitia. Tenetur sit facere quis iure et est. Totam quia sint delectus ut autem officiis tempora at.', 0, '2018-03-24 17:22:30', '2018-03-24 17:22:30'),
(154, 22, 'Miss Clementina Larson', 'Exercitationem quia aut consequuntur similique accusamus. Nihil ut dolor sed tenetur occaecati et et. At pariatur animi reprehenderit accusantium voluptatem. Sit aliquam repellat tempore atque.', 1, '2018-03-24 17:22:30', '2018-03-24 17:22:30'),
(155, 9, 'Cierra Howell II', 'Optio dolores delectus dolor similique. Odio ad aut aut repellendus tenetur et reiciendis. Facilis enim sed autem inventore quo.', 2, '2018-03-24 17:22:30', '2018-03-24 17:22:30'),
(156, 17, 'Javonte Steuber', 'Dolores aliquam nihil voluptatem necessitatibus numquam laudantium eum. Et qui ipsum expedita similique labore. Excepturi qui atque est ipsum eos repellendus ut.', 1, '2018-03-24 17:22:30', '2018-03-24 17:22:30'),
(157, 49, 'Berneice Weber', 'Ea qui repellendus qui animi. Perferendis qui quia recusandae ipsam maiores provident. Omnis aut sed amet ad dignissimos reprehenderit minus. Omnis ut id deleniti sed. Eum dolorum sed et dolore.', 3, '2018-03-24 17:22:30', '2018-03-24 17:22:30'),
(158, 30, 'Mr. Otho Hamill', 'Soluta voluptatem assumenda soluta omnis. Enim neque possimus sequi. Labore laborum enim quibusdam deserunt adipisci reprehenderit. Aut culpa tenetur velit et ex molestiae impedit.', 3, '2018-03-24 17:22:30', '2018-03-24 17:22:30'),
(159, 46, 'Garrison Grady', 'Officia eum dolor porro quisquam voluptatem quae. Eveniet est accusamus harum incidunt dolorem. Nemo et ab recusandae itaque.', 1, '2018-03-24 17:22:30', '2018-03-24 17:22:30'),
(160, 21, 'Marcella Welch', 'Temporibus sunt tempore qui in ut sunt. Reiciendis velit aliquam similique minus sed placeat ab sint. Porro explicabo voluptates animi natus alias atque cupiditate. Maiores quis ad non adipisci pariatur.', 4, '2018-03-24 17:22:30', '2018-03-24 17:22:30'),
(161, 40, 'Grover McDermott', 'Quos nobis et reprehenderit quis voluptatem eos quo consequatur. Minima expedita ea expedita laudantium repellat. Eum inventore quibusdam autem vel suscipit. Sapiente dolores vel cumque optio.', 2, '2018-03-24 17:22:30', '2018-03-24 17:22:30'),
(162, 39, 'Amanda Rau', 'Ullam expedita deserunt quasi dignissimos atque et. Ut consectetur in eos animi. Natus aut ut corporis voluptatem laudantium cumque non.', 5, '2018-03-24 17:22:30', '2018-03-24 17:22:30'),
(163, 28, 'Urban Paucek', 'Dolor ut dolores saepe inventore in non. Quibusdam iste illum consectetur ad. Modi dolor sed et excepturi reprehenderit similique. Alias sit id omnis adipisci voluptatem a qui.', 4, '2018-03-24 17:22:31', '2018-03-24 17:22:31'),
(164, 41, 'Danika Olson Jr.', 'Deserunt rerum omnis ea vitae odio quis. Aspernatur minima optio fugiat laborum aspernatur. Dolores quam cumque mollitia iste nesciunt sequi.', 2, '2018-03-24 17:22:31', '2018-03-24 17:22:31'),
(165, 6, 'Mr. Austin Zieme', 'Ullam quisquam culpa quae optio sint et. Fugiat voluptas doloremque velit ducimus sit. Aut fugiat ea blanditiis sit delectus. Quidem sapiente dolorum velit officiis.', 5, '2018-03-24 17:22:31', '2018-03-24 17:22:31'),
(166, 31, 'Prof. Samanta Herman III', 'Ea et necessitatibus et et quod voluptatem. Voluptatem aut dolorum aut in.', 2, '2018-03-24 17:22:31', '2018-03-24 17:22:31'),
(167, 26, 'Major Stanton', 'Sint voluptatem itaque illo vero est sunt et doloremque. Velit voluptatem officiis cumque et ut dolor ratione hic. Vitae et quasi eveniet ut ipsam dolorum.', 4, '2018-03-24 17:22:31', '2018-03-24 17:22:31'),
(168, 14, 'Oleta Muller Jr.', 'Fugit quia et eos atque et sed qui. Consequatur ut omnis delectus accusamus sequi repellat quis.', 2, '2018-03-24 17:22:31', '2018-03-24 17:22:31'),
(169, 29, 'Hipolito Heathcote', 'Ut aut velit ad ipsa dignissimos libero. Quas aliquam voluptatibus voluptate ducimus praesentium ea earum. Dicta voluptas recusandae ratione qui.', 3, '2018-03-24 17:22:31', '2018-03-24 17:22:31'),
(170, 8, 'Vivianne Braun', 'Ad quidem dolorum dignissimos et doloremque sed. Temporibus ut quibusdam voluptatem est qui aperiam. Quis eaque omnis aut dolores animi. Cumque quis accusantium blanditiis voluptatibus a omnis perferendis. Quas tempore quaerat suscipit ex error delectus.', 4, '2018-03-24 17:22:31', '2018-03-24 17:22:31'),
(171, 40, 'Gilda Thiel', 'Voluptas qui tempore nobis tenetur provident optio provident nisi. Voluptate illo quisquam omnis neque sed. Est ut aut minus debitis dolores ut.', 1, '2018-03-24 17:22:31', '2018-03-24 17:22:31'),
(172, 20, 'Piper Bednar', 'Quaerat aliquid eos occaecati ea. Quis incidunt optio iure voluptates. Temporibus consectetur dolorem quia iure tempora reprehenderit culpa. Nam velit quam perferendis laborum quia delectus.', 4, '2018-03-24 17:22:31', '2018-03-24 17:22:31'),
(173, 3, 'Layne Cummings', 'Quam et et sit sint tempora voluptatum quisquam. Omnis maiores ut aut vel provident voluptatem vel. Est repudiandae quis placeat corporis quia quos. Exercitationem vel maxime et deleniti. Aperiam in omnis ipsam blanditiis est.', 3, '2018-03-24 17:22:31', '2018-03-24 17:22:31'),
(174, 7, 'Freeda Turcotte', 'Officiis quo voluptatum nihil. Et maiores voluptas tempore. Possimus reiciendis saepe quo eius quis vel sed.', 2, '2018-03-24 17:22:31', '2018-03-24 17:22:31'),
(175, 28, 'Kamille Tillman', 'Reiciendis dolor natus dicta nesciunt adipisci magnam pariatur. Minus at cum dolor consequatur voluptas magnam.', 0, '2018-03-24 17:22:31', '2018-03-24 17:22:31'),
(176, 33, 'Dr. Stephon Weissnat', 'Esse cumque quam aspernatur similique. Velit placeat voluptatem assumenda laborum repudiandae. Dignissimos eligendi est necessitatibus aspernatur inventore ad sint. Quia qui provident ut mollitia beatae qui iure dicta.', 4, '2018-03-24 17:22:31', '2018-03-24 17:22:31'),
(177, 2, 'Dovie Jacobi', 'Sunt delectus hic ullam recusandae cupiditate laboriosam. Ad vel rerum libero possimus ea molestiae. Laudantium ipsa facilis rem voluptatibus voluptatem sint debitis cum. Maiores iste qui et ut.', 5, '2018-03-24 17:22:31', '2018-03-24 17:22:31'),
(178, 3, 'Marilyne Quitzon', 'Praesentium quaerat minus nulla architecto quam in porro. Fugit sunt ab minus. Labore cum ut blanditiis eum ipsam. Sint sapiente rerum repellendus harum.', 1, '2018-03-24 17:22:31', '2018-03-24 17:22:31'),
(179, 27, 'Earlene Tromp', 'Expedita voluptas recusandae ullam. Tenetur quis consequatur et doloremque impedit eaque consequatur consectetur. Debitis consequatur dolor voluptatibus libero dolores id sunt.', 0, '2018-03-24 17:22:31', '2018-03-24 17:22:31'),
(180, 47, 'Jess Emard', 'Repellat quaerat nobis architecto exercitationem tempora nostrum at debitis. Et corporis explicabo ea sed. Dolor qui laudantium iste dignissimos. Rerum optio blanditiis et possimus.', 4, '2018-03-24 17:22:31', '2018-03-24 17:22:31'),
(181, 44, 'Roger Veum', 'Nisi iste cumque sit blanditiis eaque. Deserunt porro aliquam ut illo. Neque voluptate provident pariatur et quasi expedita. Ratione eius et et quibusdam eius.', 5, '2018-03-24 17:22:31', '2018-03-24 17:22:31'),
(182, 39, 'Michaela Rohan PhD', 'Sapiente molestiae possimus nesciunt vero consequuntur quia. Nesciunt dolores nesciunt harum maxime iste quod qui.', 5, '2018-03-24 17:22:31', '2018-03-24 17:22:31'),
(183, 8, 'Delfina Yundt', 'Voluptas officiis ut fugiat non aliquam. Dolorem et exercitationem deleniti nostrum non asperiores.', 3, '2018-03-24 17:22:31', '2018-03-24 17:22:31'),
(184, 38, 'Margaret Simonis', 'Qui eaque quod fugit et. Assumenda molestiae cum numquam molestiae. Temporibus veniam eligendi architecto consequatur porro autem veniam.', 0, '2018-03-24 17:22:31', '2018-03-24 17:22:31'),
(185, 5, 'Alayna Collier', 'Non est est ea quidem enim minima dolore. Consequatur et est eum eum omnis earum inventore. Vel nulla ea quo. Libero facilis in placeat dolores dolor.', 2, '2018-03-24 17:22:31', '2018-03-24 17:22:31'),
(186, 32, 'Dr. Hershel Kozey', 'Ut sit molestiae sint culpa quibusdam sapiente. Aut a et possimus suscipit reiciendis. Enim natus laborum beatae quod animi. Quia ut delectus alias odit debitis quasi consequatur.', 0, '2018-03-24 17:22:31', '2018-03-24 17:22:31'),
(187, 1, 'Dr. Marisol Kunde II', 'Perspiciatis quam ex excepturi voluptas vitae quidem. A quos eum autem aspernatur asperiores voluptas et enim. Corrupti non quam ut nemo. At modi eveniet dolor totam sit hic magnam.', 5, '2018-03-24 17:22:31', '2018-03-24 17:22:31'),
(188, 38, 'Bernard Brekke', 'Itaque corrupti nisi fugit dignissimos. Sequi libero rerum dolorum molestias aut fugiat. Tenetur velit illo perferendis aut consequuntur quia. Est consequatur quo quia deleniti et ut dolor ullam.', 1, '2018-03-24 17:22:31', '2018-03-24 17:22:31'),
(189, 37, 'Aiyana Kuvalis', 'Omnis optio odio voluptas ut libero ducimus reprehenderit. Illo blanditiis dolor consectetur temporibus odio aut optio. Totam placeat ut ea aut ad. Reiciendis ut atque magnam et provident.', 4, '2018-03-24 17:22:31', '2018-03-24 17:22:31'),
(190, 48, 'Mrs. Gretchen Corwin DVM', 'Voluptas ea atque provident. Omnis consequatur illum debitis enim. Corporis ea et vel et aut. Nostrum harum sunt necessitatibus laboriosam temporibus sapiente.', 4, '2018-03-24 17:22:31', '2018-03-24 17:22:31'),
(191, 25, 'Dr. Kamille Boehm DDS', 'Et voluptatibus facere ullam sit. Id libero quo commodi aut eveniet. Ut non molestiae autem ut vel error.', 3, '2018-03-24 17:22:31', '2018-03-24 17:22:31'),
(192, 43, 'Skylar VonRueden', 'Numquam quos consequatur consectetur est placeat error. Non accusantium id totam et ipsa et tempore. Voluptas omnis ea aperiam eum. Sint natus id consequatur reiciendis voluptatem deserunt sequi.', 5, '2018-03-24 17:22:31', '2018-03-24 17:22:31'),
(193, 18, 'Lelah Wuckert', 'Laudantium reprehenderit voluptas deleniti velit veritatis facere. Ut quod possimus distinctio consequuntur similique. Doloribus sapiente quasi harum omnis illo.', 1, '2018-03-24 17:22:31', '2018-03-24 17:22:31'),
(194, 48, 'Beatrice Pfeffer', 'Ullam id consequatur aut nemo eius non commodi. Sapiente et voluptatem enim eum. Voluptatum unde omnis enim eos sapiente eaque. Natus sapiente tempora quaerat qui eum hic et.', 0, '2018-03-24 17:22:31', '2018-03-24 17:22:31'),
(195, 40, 'Kelley Brown', 'Voluptatem voluptas quo aut et. Eos et excepturi neque sequi nihil voluptatem.', 3, '2018-03-24 17:22:31', '2018-03-24 17:22:31'),
(196, 45, 'Prof. Trystan Breitenberg I', 'Ipsa sed illo veniam atque est. Tempore qui perferendis quidem qui est ipsam. Aut adipisci in at magnam. Eum laudantium soluta eaque nostrum rerum ab temporibus.', 4, '2018-03-24 17:22:31', '2018-03-24 17:22:31'),
(197, 47, 'Prof. Ambrose Hyatt', 'Repellendus fuga nihil dolorum unde. Provident quis rem vero error officiis. Porro consectetur eos voluptates ut aut harum ut. Commodi quae impedit molestiae fugit.', 0, '2018-03-24 17:22:31', '2018-03-24 17:22:31'),
(198, 22, 'Cole Schaden', 'Aliquam et cupiditate pariatur quis sint. Qui voluptatibus doloribus autem rerum ut id. Est eius labore est sint non et ex asperiores.', 2, '2018-03-24 17:22:31', '2018-03-24 17:22:31'),
(199, 11, 'Dr. Angus Bartoletti MD', 'Consequatur rerum dolorem voluptates ipsum iusto dolorem odit quis. Omnis provident quia aperiam ullam necessitatibus iusto. Sequi eos quod autem ut mollitia. Blanditiis quia vel voluptatem porro reprehenderit quam ut.', 0, '2018-03-24 17:22:31', '2018-03-24 17:22:31'),
(200, 32, 'Jeromy Runolfsdottir I', 'Itaque asperiores commodi vel repellendus voluptate. Et eius ut repellendus assumenda enim eum officia. Quibusdam ad rerum nemo est quae ut ea. Libero consequatur autem nesciunt et sed. Impedit repellendus voluptas placeat quidem nemo.', 1, '2018-03-24 17:22:31', '2018-03-24 17:22:31'),
(202, 42, 'Mr. Rosendo Wilderman MD', 'Corrupti necessitatibus deserunt et ad voluptatem quis. Enim rem vitae libero qui aut ut libero. Eum quas eum explicabo corporis consequuntur aut. Qui at maxime nemo ut debitis.', 5, '2018-03-24 17:22:31', '2018-03-24 17:22:31'),
(203, 24, 'Ms. Rebeka Stanton', 'Ullam officiis aut impedit hic. Odio enim et id. Molestias maxime praesentium fuga aut maxime omnis quod.', 4, '2018-03-24 17:22:31', '2018-03-24 17:22:31'),
(204, 43, 'Janessa Sanford', 'Et et provident voluptates maxime sint fuga. Cupiditate provident occaecati in eum vel similique sit illo. Dolorum consequuntur ut molestiae deserunt pariatur non voluptate dolorum. Dolorum et fugit delectus illum et aut.', 5, '2018-03-24 17:22:32', '2018-03-24 17:22:32'),
(205, 18, 'Leann Hoeger', 'Eos unde provident inventore in et autem tempore. Vitae numquam quis ullam et. Incidunt dolore perferendis rerum repellat. Vero sunt enim tempora est dicta.', 1, '2018-03-24 17:22:32', '2018-03-24 17:22:32'),
(206, 42, 'Leonardo Dicki DVM', 'Cumque magni aut reprehenderit impedit ut corporis. Et corrupti repudiandae corporis perspiciatis molestias tenetur. Corporis quas totam dicta ratione doloribus. Veniam repellendus rerum enim nam.', 5, '2018-03-24 17:22:32', '2018-03-24 17:22:32'),
(207, 14, 'Keenan Welch', 'Occaecati aut quis enim dolor nesciunt nobis et incidunt. Doloremque quisquam eaque dolor quaerat incidunt autem. Dolor aut nihil consequatur laudantium.', 3, '2018-03-24 17:22:32', '2018-03-24 17:22:32'),
(208, 25, 'Carleton Wiegand', 'Sapiente eum sapiente ut. Quasi qui sit et. Velit recusandae dolores fugit debitis. Nulla ducimus hic eum et et iusto reprehenderit consequuntur. Et voluptatem fugiat ut et autem.', 4, '2018-03-24 17:22:32', '2018-03-24 17:22:32'),
(209, 15, 'Magnolia Glover I', 'Aut voluptas saepe incidunt laboriosam. Vero voluptas amet cum ipsam unde facere accusamus. Error ea sed recusandae earum. Et quaerat soluta ut aut minima.', 1, '2018-03-24 17:22:32', '2018-03-24 17:22:32'),
(210, 8, 'Ned Dickinson', 'Iste omnis nulla sit commodi veritatis et est. Eius illo sed et deleniti nobis saepe. Et eaque corporis non tempore veniam porro molestias iste. Autem qui accusamus et doloremque tempore.', 4, '2018-03-24 17:22:32', '2018-03-24 17:22:32'),
(211, 10, 'Dr. Nickolas Rempel', 'Aliquam nostrum voluptas quo quam sunt error. Dolores dolor error adipisci et dolores sit. Consequatur magnam perferendis sint sed excepturi et. Laborum rerum aliquam qui sed enim iure asperiores.', 0, '2018-03-24 17:22:32', '2018-03-24 17:22:32'),
(212, 2, 'Mrs. Loma Hintz', 'Ut et ullam et repudiandae architecto earum. Exercitationem hic facilis id voluptatem aspernatur. Pariatur consequatur necessitatibus harum totam voluptatem veniam.', 0, '2018-03-24 17:22:32', '2018-03-24 17:22:32'),
(213, 45, 'Jovanny Schumm', 'Tempora et provident odio tempora enim vel quaerat. Vitae odio exercitationem sit perferendis. Vero nihil eos occaecati officiis rerum ullam dolorem. Sapiente ad sunt odio iste.', 2, '2018-03-24 17:22:32', '2018-03-24 17:22:32');
INSERT INTO `reviews` (`id`, `product_id`, `customer`, `review`, `star`, `created_at`, `updated_at`) VALUES
(214, 29, 'Jessica Considine', 'Dolorum aut ipsum accusamus vel. Est quia sint corrupti ad laudantium sint laudantium. Consequuntur molestiae doloribus consequuntur explicabo.', 5, '2018-03-24 17:22:32', '2018-03-24 17:22:32'),
(215, 12, 'Sabryna Braun', 'Autem vero sed facilis et non. Nulla expedita officiis autem cupiditate vel esse.', 0, '2018-03-24 17:22:32', '2018-03-24 17:22:32'),
(216, 20, 'Merle Price I', 'Consectetur voluptatem eum explicabo sint fuga. Ut deleniti voluptates vero ut voluptates placeat. Sit eaque cumque quos. Quibusdam et quia incidunt nihil autem laboriosam.', 1, '2018-03-24 17:22:32', '2018-03-24 17:22:32'),
(217, 42, 'Taya Fritsch', 'Molestias rerum dicta veritatis qui dolore sed. Quia sequi doloribus quia suscipit ut fugiat adipisci. Autem exercitationem molestiae provident.', 1, '2018-03-24 17:22:32', '2018-03-24 17:22:32'),
(218, 46, 'Esta Considine DDS', 'Voluptas a perspiciatis et harum et dolorem. In eligendi similique ullam repellat eligendi nihil at. Nesciunt quo ut voluptatem occaecati error sit perferendis. Id repudiandae qui qui et.', 5, '2018-03-24 17:22:32', '2018-03-24 17:22:32'),
(219, 14, 'Dr. Mazie Nitzsche', 'Natus repellendus impedit illo labore adipisci tempora magnam. Et eos fugit delectus repellendus similique.', 4, '2018-03-24 17:22:32', '2018-03-24 17:22:32'),
(220, 24, 'Jacinto Bednar MD', 'Et quam sunt quo eligendi dignissimos eaque. Vel qui qui sed at quam dolorem.', 1, '2018-03-24 17:22:32', '2018-03-24 17:22:32'),
(221, 28, 'Fredrick Nader', 'Placeat eos velit mollitia nesciunt. Beatae tempora enim ea commodi. Laborum autem occaecati vitae id aperiam. Ipsam aut dolore dolores facilis perferendis cumque consequatur.', 2, '2018-03-24 17:22:32', '2018-03-24 17:22:32'),
(222, 27, 'Prof. Lavada Jones II', 'Eum debitis dicta eius consequatur deserunt nostrum. Nobis accusamus unde consequatur dolorem necessitatibus. Voluptas ipsam voluptas magni rerum.', 1, '2018-03-24 17:22:32', '2018-03-24 17:22:32'),
(223, 24, 'Vita Harber', 'Quo fugiat enim odit quam similique animi dolor. Sunt sed qui deleniti ut enim quisquam non. Rerum et quasi quasi minima aut perspiciatis corrupti eos.', 4, '2018-03-24 17:22:32', '2018-03-24 17:22:32'),
(224, 44, 'Maye Jacobs', 'Sed sed suscipit maxime enim dignissimos odio accusantium. Qui et atque ab molestiae et error. Placeat ullam quae soluta natus sunt ut. Rerum consequatur et ut inventore facilis sit enim.', 3, '2018-03-24 17:22:32', '2018-03-24 17:22:32'),
(225, 29, 'Emmie Reilly', 'Voluptas aut eos quia laboriosam recusandae. Ad et nostrum nemo amet aut.', 4, '2018-03-24 17:22:32', '2018-03-24 17:22:32'),
(226, 15, 'Mrs. Josie Upton', 'Incidunt autem aut incidunt aut provident quas. Repellat soluta et iure harum maxime in qui. Ipsam qui quia quia repudiandae. Voluptatum vel est consequatur suscipit.', 1, '2018-03-24 17:22:32', '2018-03-24 17:22:32'),
(227, 10, 'Frank Deckow', 'Sed saepe id ipsa molestias dolore quis dolorem. Tempora sed dignissimos inventore omnis qui architecto numquam. Maiores harum ducimus a deserunt.', 1, '2018-03-24 17:22:32', '2018-03-24 17:22:32'),
(228, 31, 'Vada Koepp', 'Corrupti rem asperiores sed qui sint fugit. Veniam inventore qui eum et. Qui laudantium velit libero nihil.', 5, '2018-03-24 17:22:32', '2018-03-24 17:22:32'),
(229, 7, 'Prof. Remington Witting', 'Ipsam mollitia aspernatur quos dolores excepturi soluta. Architecto deserunt debitis sed animi. Sed sed voluptatem sequi velit et maxime. Rerum aut ut voluptate sit dolorem eaque quis.', 1, '2018-03-24 17:22:32', '2018-03-24 17:22:32'),
(230, 6, 'Ken Wilderman Sr.', 'Soluta aut commodi sint rerum consectetur quaerat nulla. Atque et et repudiandae et illo libero. Et nulla doloremque molestiae rerum.', 1, '2018-03-24 17:22:32', '2018-03-24 17:22:32'),
(231, 26, 'Maribel Pouros II', 'Enim repudiandae voluptatem et eligendi doloremque ut non. Cum minima cum et nulla ea velit vel. Est accusantium accusamus ullam. Delectus molestiae ut perferendis aliquam. Cupiditate harum nulla quisquam quam minima facilis quaerat.', 5, '2018-03-24 17:22:32', '2018-03-24 17:22:32'),
(232, 6, 'Prof. Barney Marks Sr.', 'Odio blanditiis incidunt nam ut. Ea quidem omnis quisquam qui eius blanditiis pariatur. Fugit dolor modi minima aperiam occaecati. Pariatur eum similique id enim quasi.', 1, '2018-03-24 17:22:32', '2018-03-24 17:22:32'),
(233, 14, 'Laurence Grant', 'Nesciunt adipisci voluptatem ut est hic nesciunt. Qui sunt fugit consequatur ipsum dignissimos sed. Fugit ullam laudantium maxime laborum illum quia. Molestiae aut ut dolore et unde voluptatem.', 1, '2018-03-24 17:22:32', '2018-03-24 17:22:32'),
(234, 20, 'Mrs. Mafalda Kirlin III', 'Eum et itaque totam molestiae. Cum id suscipit facilis est similique sit et. Dolores totam sint excepturi.', 2, '2018-03-24 17:22:32', '2018-03-24 17:22:32'),
(235, 10, 'Emilio Orn', 'Quia beatae est quam possimus. Aut sed voluptate est quisquam cumque. Minus at et quis non quibusdam voluptas vitae. Quos non id ut odio.', 1, '2018-03-24 17:22:32', '2018-03-24 17:22:32'),
(236, 28, 'Dr. Israel Leannon', 'Consequatur architecto aut ex a qui sit. Explicabo odio sit quis non aliquid vitae blanditiis aspernatur.', 5, '2018-03-24 17:22:32', '2018-03-24 17:22:32'),
(237, 48, 'Ferne Bailey', 'Distinctio at sed ipsam. Aut cumque repellendus et eaque et labore. Consequatur iusto odit enim.', 1, '2018-03-24 17:22:32', '2018-03-24 17:22:32'),
(238, 35, 'Mr. Stuart Lockman PhD', 'Praesentium amet blanditiis iusto sit dolore. Necessitatibus qui nesciunt saepe officiis doloremque. Iusto hic ipsum fuga cupiditate vitae. Hic aliquid non voluptates.', 0, '2018-03-24 17:22:32', '2018-03-24 17:22:32'),
(239, 45, 'Yasmin Nader', 'Sit et mollitia eaque quis laborum dolore sunt. Dolores quam nihil et nulla. Voluptatum sint autem nostrum tenetur eos omnis laudantium. Quos corporis facere id modi incidunt nobis qui ut.', 1, '2018-03-24 17:22:32', '2018-03-24 17:22:32'),
(240, 26, 'Presley Weimann', 'Eos rem natus libero quibusdam eum. Eligendi mollitia culpa expedita vel quod. Quo minus voluptas molestias deleniti.', 1, '2018-03-24 17:22:33', '2018-03-24 17:22:33'),
(241, 11, 'Leola Hills', 'Sed et est pariatur. Quo doloremque aut possimus dolores quas alias sit. Alias delectus consequatur est assumenda id accusantium. Nemo sed recusandae laboriosam consequatur rem pariatur.', 5, '2018-03-24 17:22:33', '2018-03-24 17:22:33'),
(242, 2, 'Dr. Jarrell Kessler', 'Facilis repellat aut minima nulla. Dolores voluptatem non occaecati unde. Voluptates illo velit ut ut sit.', 2, '2018-03-24 17:22:33', '2018-03-24 17:22:33'),
(243, 6, 'Dr. Jarret Friesen', 'Perferendis totam non accusantium quo. Dolore sunt at minima qui et quo dolorem. Laborum aut dolores architecto non fugit. Ducimus eius nihil sint dolor atque aliquam hic.', 0, '2018-03-24 17:22:33', '2018-03-24 17:22:33'),
(244, 17, 'Prof. Buford Harris MD', 'Nemo sed repellat quo quasi recusandae a id. Accusantium facere adipisci non deleniti. Cumque nam fugit voluptas quia fugit ea.', 2, '2018-03-24 17:22:33', '2018-03-24 17:22:33'),
(245, 2, 'Prof. Constance Gutkowski DDS', 'Dolores neque reiciendis dolores. Velit id voluptatem voluptatem autem vitae maxime perferendis voluptatibus. Nihil assumenda voluptatibus eveniet inventore similique eaque sunt.', 3, '2018-03-24 17:22:33', '2018-03-24 17:22:33'),
(246, 27, 'Mrs. Chanel Mitchell', 'Est illum est commodi fugiat et. Facilis corrupti assumenda est sint quos sint temporibus.', 1, '2018-03-24 17:22:33', '2018-03-24 17:22:33'),
(247, 44, 'Mr. Weston Ziemann MD', 'Ea sint placeat aliquid eos incidunt perspiciatis vero. Modi ullam enim sed facere explicabo ut quia. Omnis quam architecto perspiciatis qui nostrum.', 2, '2018-03-24 17:22:33', '2018-03-24 17:22:33'),
(248, 49, 'Vidal Robel', 'Ex quae maxime cupiditate et. Officiis ipsum illum temporibus veniam voluptas rem quia deserunt. Doloribus voluptates debitis in eos et ut. Officia rem odit sint ipsa aut porro molestiae.', 0, '2018-03-24 17:22:33', '2018-03-24 17:22:33'),
(250, 21, 'Deontae Denesik', 'Ab ut tenetur vel in sequi est. Autem ipsum dignissimos quis iste quia. Alias rerum est velit suscipit ex. Odio natus quo consequatur expedita totam eius quisquam.', 4, '2018-03-24 17:22:33', '2018-03-24 17:22:33'),
(251, 41, 'Stephania Simonis', 'Mollitia est non est fugit similique aperiam. Et odio quo aut et voluptatem magnam. Porro sequi id cupiditate voluptatibus corporis officiis laborum.', 4, '2018-03-24 17:22:33', '2018-03-24 17:22:33'),
(252, 27, 'Monica Bins DVM', 'Praesentium quaerat qui est expedita odio ad tempore optio. Ab laudantium sequi perferendis deleniti praesentium provident. Pariatur iste dolorem esse dolores provident. Qui impedit fuga dicta error omnis. Provident iure aspernatur provident libero.', 0, '2018-03-24 17:22:33', '2018-03-24 17:22:33'),
(253, 25, 'Opal Schimmel DVM', 'Vero repudiandae est consequatur quia ut enim eum. In voluptatem nisi voluptas laborum excepturi. Repellat itaque repellendus consequatur animi et eum non quibusdam. Ut error quia eaque autem ex laboriosam.', 5, '2018-03-24 17:22:33', '2018-03-24 17:22:33'),
(254, 32, 'Valentin Kassulke', 'Minus facilis quae non quia sed. Ut possimus recusandae possimus et odit est. Hic et et sit dolor.', 5, '2018-03-24 17:22:33', '2018-03-24 17:22:33'),
(255, 43, 'Maddison Reynolds', 'Tenetur quia culpa beatae eos ipsam enim. Quasi explicabo dolor explicabo qui aperiam saepe autem. Molestiae quis architecto consequatur delectus.', 3, '2018-03-24 17:22:33', '2018-03-24 17:22:33'),
(256, 15, 'Juanita Hane', 'Doloremque voluptas quasi eius. Reprehenderit optio voluptas aspernatur suscipit. Velit et alias veniam est. Laudantium ipsa provident accusamus. Harum velit illum tempore corrupti ab.', 4, '2018-03-24 17:22:33', '2018-03-24 17:22:33'),
(257, 16, 'Marjolaine Bergstrom', 'Porro voluptas ut aut quia quo. Itaque deserunt illo illum. Ut consequuntur labore rerum dolorem reprehenderit perspiciatis. Sequi error blanditiis et fugit itaque sequi nobis.', 2, '2018-03-24 17:22:33', '2018-03-24 17:22:33'),
(258, 44, 'Dr. Judah Gleason', 'Numquam aut facere qui illo ea. Voluptate natus repellat neque illum. Dolore eos cum et et fugiat fugiat. Saepe ut voluptatem dolore officia est modi qui dolores. A eveniet porro accusamus soluta deleniti nulla sed.', 2, '2018-03-24 17:22:33', '2018-03-24 17:22:33'),
(259, 35, 'Prof. Lillian Johnston Sr.', 'Exercitationem et quibusdam et. Cumque est ut accusantium perferendis adipisci sint. Aut deserunt blanditiis veritatis veritatis atque.', 2, '2018-03-24 17:22:33', '2018-03-24 17:22:33'),
(260, 2, 'Mrs. Kaci Crist', 'Reiciendis culpa iusto laudantium porro qui. Eum est rem voluptas aliquam possimus. Sed aut ut ut consequatur.', 0, '2018-03-24 17:22:33', '2018-03-24 17:22:33'),
(261, 33, 'Lee Hand', 'Distinctio sed suscipit consequatur. Ut consequuntur laudantium sint nemo eos et a. Praesentium consectetur officiis aut culpa quia.', 3, '2018-03-24 17:22:33', '2018-03-24 17:22:33'),
(262, 11, 'Myrtis Haley', 'Ad autem perferendis dolore et inventore nihil. Commodi facilis expedita distinctio repudiandae. Et enim et consequuntur voluptas.', 1, '2018-03-24 17:22:33', '2018-03-24 17:22:33'),
(263, 7, 'Prof. Shaylee Mraz Sr.', 'Accusantium dolorum autem vel est. Quam vero in est omnis et. Nesciunt libero vitae enim quod odit qui.', 2, '2018-03-24 17:22:33', '2018-03-24 17:22:33'),
(264, 50, 'Lorenz Berge MD', 'Accusamus fuga et nostrum quis. Delectus quo commodi eligendi qui. Eum omnis blanditiis assumenda rerum et explicabo mollitia. Perferendis excepturi consequatur dolor laboriosam voluptate consequatur dolores.', 4, '2018-03-24 17:22:33', '2018-03-24 17:22:33'),
(265, 8, 'Lafayette Pouros', 'Est iusto possimus facilis quibusdam eum. Quidem laborum ut eum praesentium porro quidem ratione pariatur.', 0, '2018-03-24 17:22:33', '2018-03-24 17:22:33'),
(266, 31, 'Marguerite Denesik', 'Ea cumque deleniti aperiam exercitationem quos. Omnis illum dolores occaecati voluptas assumenda voluptatem. Quam non alias qui voluptatem omnis veniam.', 1, '2018-03-24 17:22:33', '2018-03-24 17:22:33'),
(267, 9, 'Dr. Muriel Mraz', 'Esse dignissimos autem cupiditate commodi. Natus at corrupti qui quo voluptas rerum nulla. Ipsum qui saepe sint omnis praesentium deserunt occaecati.', 5, '2018-03-24 17:22:33', '2018-03-24 17:22:33'),
(268, 2, 'Lori Bernier', 'Atque voluptates eius et nihil culpa. Numquam est sapiente officia provident qui quae. Omnis aut ut enim. Provident doloribus veritatis a amet quo.', 5, '2018-03-24 17:22:33', '2018-03-24 17:22:33'),
(269, 17, 'Grayson Bode', 'Similique at modi tempora incidunt veritatis. Explicabo ut soluta ut quis architecto qui est.', 0, '2018-03-24 17:22:33', '2018-03-24 17:22:33'),
(270, 17, 'Murray Anderson', 'Sint magni illo accusamus hic eaque. Consequatur odio odit id quasi at at. Aut dolorum velit qui corporis assumenda ut eligendi. Id provident delectus distinctio sit ut.', 4, '2018-03-24 17:22:33', '2018-03-24 17:22:33'),
(271, 25, 'Prof. Nicolas Hoppe', 'Distinctio illo dignissimos enim velit excepturi perspiciatis numquam. Natus reprehenderit accusantium aut. Qui corrupti est dolorem illum a.', 3, '2018-03-24 17:22:33', '2018-03-24 17:22:33'),
(272, 6, 'Nikki Schuster III', 'Aut asperiores nihil deleniti. Pariatur dolorum qui quos et.', 2, '2018-03-24 17:22:34', '2018-03-24 17:22:34'),
(273, 35, 'Lorine Lind', 'Expedita aliquam dolor voluptatum repellat. Beatae commodi amet ut quis. Nobis ipsa iste occaecati mollitia doloremque.', 4, '2018-03-24 17:22:34', '2018-03-24 17:22:34'),
(274, 40, 'Mr. Anastacio Gerlach II', 'Eveniet est eaque dolorem nobis. Voluptatum quod minus facere dolore et suscipit. Enim beatae deleniti et porro deserunt qui odio. Sunt dolore rerum velit rerum et.', 3, '2018-03-24 17:22:34', '2018-03-24 17:22:34'),
(275, 45, 'Henry Hodkiewicz', 'Officia nihil laboriosam non commodi nihil dolorum ipsam ipsum. Iusto ut doloremque suscipit et laboriosam. Et reprehenderit similique sed molestiae.', 1, '2018-03-24 17:22:34', '2018-03-24 17:22:34'),
(276, 22, 'Mr. Zackery Bergnaum', 'Dicta dolor minus dolorem hic voluptatem et. Laboriosam eum dolores sapiente aut. Rerum placeat repudiandae illum tempora.', 3, '2018-03-24 17:22:34', '2018-03-24 17:22:34'),
(277, 29, 'Gladyce Stiedemann', 'Voluptas ut distinctio est praesentium itaque corrupti. Dignissimos rem temporibus praesentium eum ut. Voluptatibus voluptate qui quasi explicabo sed adipisci facilis. Et enim aut voluptates voluptatibus nihil fugiat.', 0, '2018-03-24 17:22:34', '2018-03-24 17:22:34'),
(278, 38, 'Marcel Shields', 'Occaecati perferendis quasi est neque rerum. Aut minima non nam rerum. Sit rerum officia itaque placeat deleniti animi omnis eligendi.', 1, '2018-03-24 17:22:34', '2018-03-24 17:22:34'),
(279, 9, 'Camylle Cronin', 'Et magnam rerum enim qui. Sed sit mollitia quas est nesciunt temporibus vel.', 3, '2018-03-24 17:22:34', '2018-03-24 17:22:34'),
(280, 43, 'Wilfred Willms', 'Voluptas eveniet temporibus natus et ut qui. Quod officiis sunt fugit quasi magnam. Dolores quaerat sunt blanditiis quod ab. Maiores recusandae perspiciatis quas perferendis voluptatem.', 0, '2018-03-24 17:22:34', '2018-03-24 17:22:34'),
(281, 14, 'Prof. Easter Grant DDS', 'Sed numquam sunt possimus voluptas facilis sed. Sunt incidunt repellendus ut esse unde autem accusamus rerum.', 3, '2018-03-24 17:22:34', '2018-03-24 17:22:34'),
(282, 25, 'Bianka Dach', 'Sint quas nam qui labore. Qui sed nemo iure sequi aut. Rerum perspiciatis doloremque officia. Id magni aut non repellat pariatur.', 1, '2018-03-24 17:22:34', '2018-03-24 17:22:34'),
(283, 22, 'Jeanie Gutmann', 'Iste sed laboriosam dolorum repellendus optio accusantium tenetur. Ut enim dolores aspernatur velit ratione voluptatem autem sunt. Aut tempora maxime unde aliquid non. Officiis aperiam officia aut quis fugiat.', 1, '2018-03-24 17:22:34', '2018-03-24 17:22:34'),
(284, 50, 'Annamae Will', 'Assumenda laboriosam iure sed dolores quia consequatur minus. Ut mollitia aut inventore labore provident consequuntur. Quia neque asperiores enim vel eaque. Fugiat officia natus vero molestias veritatis mollitia voluptatem.', 1, '2018-03-24 17:22:34', '2018-03-24 17:22:34'),
(285, 40, 'Avis Veum', 'Enim facilis quo distinctio ut sed in. Blanditiis est quia et architecto occaecati modi. Ex consequuntur vero rerum natus.', 4, '2018-03-24 17:22:34', '2018-03-24 17:22:34'),
(286, 40, 'Wyatt Wiza', 'Voluptates qui qui molestiae quos quaerat. Autem earum recusandae maxime id repellendus id. Ducimus nemo et sunt voluptatibus.', 2, '2018-03-24 17:22:34', '2018-03-24 17:22:34'),
(287, 19, 'Rosario Thiel', 'Aut iure omnis omnis corrupti sequi sed occaecati. Quia rem atque possimus quos dolores et labore. Incidunt natus ipsum eos. Nostrum ut ea consequuntur quibusdam.', 1, '2018-03-24 17:22:34', '2018-03-24 17:22:34'),
(288, 26, 'Monserrat Waters', 'Excepturi esse repudiandae omnis deserunt. Et esse iusto tempora consequatur vel quibusdam. Sed dolorum quaerat iste quia laboriosam. Eum et consequatur excepturi assumenda consequatur incidunt.', 5, '2018-03-24 17:22:34', '2018-03-24 17:22:34'),
(289, 37, 'Prof. Maia Walsh MD', 'Doloribus ipsa excepturi quia voluptatem blanditiis doloribus. Modi dolor quia enim omnis sit similique. Quo quis molestiae omnis enim eveniet et excepturi.', 1, '2018-03-24 17:22:34', '2018-03-24 17:22:34'),
(290, 39, 'Christine Ortiz', 'Vel et saepe sed fugit ea esse aut. Rerum nesciunt nobis quis quam qui tenetur ducimus. Debitis unde aut placeat quia ut reiciendis quod et. Consequatur et rerum necessitatibus dolor aut.', 2, '2018-03-24 17:22:34', '2018-03-24 17:22:34'),
(291, 40, 'Flo Abbott', 'Autem voluptate perspiciatis totam assumenda neque. Maxime nihil animi rem in in. Totam quos dolorum earum omnis quos.', 2, '2018-03-24 17:22:34', '2018-03-24 17:22:34'),
(293, 14, 'Sandra Gorczany', 'Vero aspernatur quo voluptas vitae perspiciatis. Et saepe praesentium beatae facere magnam enim. Temporibus vitae aspernatur dignissimos in voluptates.', 0, '2018-03-24 17:22:34', '2018-03-24 17:22:34'),
(294, 4, 'Ellie Pollich DVM', 'Dolore corporis facilis dolorem. Ipsum omnis voluptatem aut quo. Provident incidunt harum occaecati voluptas id rem ut.', 5, '2018-03-24 17:22:34', '2018-03-24 17:22:34'),
(295, 10, 'Dr. Wayne Watsica', 'Quibusdam quo voluptas molestiae enim quia id esse eum. Sit ut ad et. Rerum repellendus quas cumque dolorem autem. Sequi tempore nulla aliquam in voluptates vero similique. Repellendus saepe et aut.', 0, '2018-03-24 17:22:34', '2018-03-24 17:22:34'),
(296, 49, 'Mr. Geovanny Schroeder IV', 'Et sit consequatur qui ad earum dolorum. Aperiam deleniti numquam blanditiis impedit. Commodi quia omnis voluptatem facere natus non.', 1, '2018-03-24 17:22:34', '2018-03-24 17:22:34'),
(298, 49, 'Prof. Maurice Kirlin DDS', 'Exercitationem culpa ea sunt vero at fuga. Perferendis sunt ipsam eaque veritatis labore. Vel quisquam esse cum culpa ad.', 0, '2018-03-24 17:22:34', '2018-03-24 17:22:34'),
(299, 47, 'Prof. Chelsie Dooley', 'Modi optio ab aperiam sed nihil non nemo. Aut enim eligendi quam laborum quo totam. Labore iure doloremque nemo sunt at consectetur.', 1, '2018-03-24 17:22:34', '2018-03-24 17:22:34'),
(300, 24, 'Haylee Kozey', 'Ipsum reprehenderit consequatur necessitatibus exercitationem. Ea eius dolorem dignissimos at tempore qui velit corporis. Et qui impedit autem qui dolorem ea. Quia occaecati nemo quaerat esse rerum sit.', 4, '2018-03-24 17:22:34', '2018-03-24 17:22:34'),
(301, 38, 'Trupti', 'Best review', 4, '2018-03-26 07:53:23', '2018-03-26 07:53:23'),
(302, 51, 'Trupti', 'Product furniture review is very good', 2, '2018-03-26 08:02:38', '2018-03-26 08:02:38');

-- --------------------------------------------------------

--
-- Table structure for table `users`
--

CREATE TABLE `users` (
  `id` int(10) UNSIGNED NOT NULL,
  `name` varchar(191) COLLATE utf8mb4_unicode_ci NOT NULL,
  `email` varchar(191) COLLATE utf8mb4_unicode_ci NOT NULL,
  `password` varchar(191) COLLATE utf8mb4_unicode_ci NOT NULL,
  `remember_token` varchar(100) COLLATE utf8mb4_unicode_ci DEFAULT NULL,
  `created_at` timestamp NULL DEFAULT NULL,
  `updated_at` timestamp NULL DEFAULT NULL
) ENGINE=InnoDB DEFAULT CHARSET=utf8mb4 COLLATE=utf8mb4_unicode_ci;

--
-- Dumping data for table `users`
--

INSERT INTO `users` (`id`, `name`, `email`, `password`, `remember_token`, `created_at`, `updated_at`) VALUES
(1, 'Ramona Dare III', 'carmelo02@example.org', '$2y$10$zuLW.TH239jSlPPWRVljhu2SYDHyhJIwOHz3w0ytozNffUZkgTvay', 'hKKDKCDYzJ', '2018-03-24 17:22:22', '2018-03-24 17:22:22'),
(2, 'Elinore Murphy Sr.', 'rickie82@example.com', '$2y$10$zuLW.TH239jSlPPWRVljhu2SYDHyhJIwOHz3w0ytozNffUZkgTvay', 'GgqNuETQsg', '2018-03-24 17:22:22', '2018-03-24 17:22:22'),
(3, 'Margaret Macejkovic', 'maria.botsford@example.com', '$2y$10$zuLW.TH239jSlPPWRVljhu2SYDHyhJIwOHz3w0ytozNffUZkgTvay', '8tZlas3WpB', '2018-03-24 17:22:23', '2018-03-24 17:22:23'),
(4, 'Prof. Vincenzo Bradtke Sr.', 'jwatsica@example.net', '$2y$10$zuLW.TH239jSlPPWRVljhu2SYDHyhJIwOHz3w0ytozNffUZkgTvay', '3eVXfx9BK8', '2018-03-24 17:22:23', '2018-03-24 17:22:23'),
(5, 'Prof. Isabelle Blanda V', 'zechariah.rice@example.com', '$2y$10$zuLW.TH239jSlPPWRVljhu2SYDHyhJIwOHz3w0ytozNffUZkgTvay', 'naM4sbOgUo', '2018-03-24 17:22:23', '2018-03-24 17:22:23');

--
-- Indexes for dumped tables
--

--
-- Indexes for table `migrations`
--
ALTER TABLE `migrations`
  ADD PRIMARY KEY (`id`);

--
-- Indexes for table `oauth_access_tokens`
--
ALTER TABLE `oauth_access_tokens`
  ADD PRIMARY KEY (`id`),
  ADD KEY `oauth_access_tokens_user_id_index` (`user_id`);

--
-- Indexes for table `oauth_auth_codes`
--
ALTER TABLE `oauth_auth_codes`
  ADD PRIMARY KEY (`id`);

--
-- Indexes for table `oauth_clients`
--
ALTER TABLE `oauth_clients`
  ADD PRIMARY KEY (`id`),
  ADD KEY `oauth_clients_user_id_index` (`user_id`);

--
-- Indexes for table `oauth_personal_access_clients`
--
ALTER TABLE `oauth_personal_access_clients`
  ADD PRIMARY KEY (`id`),
  ADD KEY `oauth_personal_access_clients_client_id_index` (`client_id`);

--
-- Indexes for table `oauth_refresh_tokens`
--
ALTER TABLE `oauth_refresh_tokens`
  ADD PRIMARY KEY (`id`),
  ADD KEY `oauth_refresh_tokens_access_token_id_index` (`access_token_id`);

--
-- Indexes for table `password_resets`
--
ALTER TABLE `password_resets`
  ADD KEY `password_resets_email_index` (`email`);

--
-- Indexes for table `products`
--
ALTER TABLE `products`
  ADD PRIMARY KEY (`id`);

--
-- Indexes for table `reviews`
--
ALTER TABLE `reviews`
  ADD PRIMARY KEY (`id`),
  ADD KEY `reviews_product_id_index` (`product_id`);

--
-- Indexes for table `users`
--
ALTER TABLE `users`
  ADD PRIMARY KEY (`id`),
  ADD UNIQUE KEY `users_email_unique` (`email`);

--
-- AUTO_INCREMENT for dumped tables
--

--
-- AUTO_INCREMENT for table `migrations`
--
ALTER TABLE `migrations`
  MODIFY `id` int(10) UNSIGNED NOT NULL AUTO_INCREMENT, AUTO_INCREMENT=28;

--
-- AUTO_INCREMENT for table `oauth_clients`
--
ALTER TABLE `oauth_clients`
  MODIFY `id` int(10) UNSIGNED NOT NULL AUTO_INCREMENT, AUTO_INCREMENT=3;

--
-- AUTO_INCREMENT for table `oauth_personal_access_clients`
--
ALTER TABLE `oauth_personal_access_clients`
  MODIFY `id` int(10) UNSIGNED NOT NULL AUTO_INCREMENT, AUTO_INCREMENT=2;

--
-- AUTO_INCREMENT for table `products`
--
ALTER TABLE `products`
  MODIFY `id` int(10) UNSIGNED NOT NULL AUTO_INCREMENT, AUTO_INCREMENT=52;

--
-- AUTO_INCREMENT for table `reviews`
--
ALTER TABLE `reviews`
  MODIFY `id` int(10) UNSIGNED NOT NULL AUTO_INCREMENT, AUTO_INCREMENT=303;

--
-- AUTO_INCREMENT for table `users`
--
ALTER TABLE `users`
  MODIFY `id` int(10) UNSIGNED NOT NULL AUTO_INCREMENT, AUTO_INCREMENT=6;

--
-- Constraints for dumped tables
--

--
-- Constraints for table `reviews`
--
ALTER TABLE `reviews`
  ADD CONSTRAINT `reviews_product_id_foreign` FOREIGN KEY (`product_id`) REFERENCES `products` (`id`) ON DELETE CASCADE;
COMMIT;

/*!40101 SET CHARACTER_SET_CLIENT=@OLD_CHARACTER_SET_CLIENT */;
/*!40101 SET CHARACTER_SET_RESULTS=@OLD_CHARACTER_SET_RESULTS */;
/*!40101 SET COLLATION_CONNECTION=@OLD_COLLATION_CONNECTION */;
