-- phpMyAdmin SQL Dump
-- version 4.7.9
-- https://www.phpmyadmin.net/
--
-- Host: 127.0.0.1
-- Generation Time: Mar 20, 2018 at 09:49 AM
-- Server version: 10.1.31-MariaDB
-- PHP Version: 7.2.3

SET SQL_MODE = "NO_AUTO_VALUE_ON_ZERO";
SET AUTOCOMMIT = 0;
START TRANSACTION;
SET time_zone = "+00:00";


/*!40101 SET @OLD_CHARACTER_SET_CLIENT=@@CHARACTER_SET_CLIENT */;
/*!40101 SET @OLD_CHARACTER_SET_RESULTS=@@CHARACTER_SET_RESULTS */;
/*!40101 SET @OLD_COLLATION_CONNECTION=@@COLLATION_CONNECTION */;
/*!40101 SET NAMES utf8mb4 */;

--
-- Database: `ecommapi`
--

-- --------------------------------------------------------

--
-- Table structure for table `migrations`
--

CREATE TABLE `migrations` (
  `id` int(10) UNSIGNED NOT NULL,
  `migration` varchar(191) COLLATE utf8mb4_unicode_ci NOT NULL,
  `batch` int(11) NOT NULL
) ENGINE=InnoDB DEFAULT CHARSET=utf8mb4 COLLATE=utf8mb4_unicode_ci;

--
-- Dumping data for table `migrations`
--

INSERT INTO `migrations` (`id`, `migration`, `batch`) VALUES
(1, '2014_10_12_000000_create_users_table', 1),
(2, '2014_10_12_100000_create_password_resets_table', 1),
(3, '2018_03_20_083250_create_products_table', 1),
(4, '2018_03_20_083309_create_reviews_table', 1);

-- --------------------------------------------------------

--
-- Table structure for table `password_resets`
--

CREATE TABLE `password_resets` (
  `email` varchar(191) COLLATE utf8mb4_unicode_ci NOT NULL,
  `token` varchar(191) COLLATE utf8mb4_unicode_ci NOT NULL,
  `created_at` timestamp NULL DEFAULT NULL
) ENGINE=InnoDB DEFAULT CHARSET=utf8mb4 COLLATE=utf8mb4_unicode_ci;

-- --------------------------------------------------------

--
-- Table structure for table `products`
--

CREATE TABLE `products` (
  `id` int(10) UNSIGNED NOT NULL,
  `name` varchar(191) COLLATE utf8mb4_unicode_ci NOT NULL,
  `detail` text COLLATE utf8mb4_unicode_ci NOT NULL,
  `price` int(11) NOT NULL,
  `stock` int(11) NOT NULL,
  `discount` int(11) NOT NULL,
  `created_at` timestamp NULL DEFAULT NULL,
  `updated_at` timestamp NULL DEFAULT NULL
) ENGINE=InnoDB DEFAULT CHARSET=utf8mb4 COLLATE=utf8mb4_unicode_ci;

--
-- Dumping data for table `products`
--

INSERT INTO `products` (`id`, `name`, `detail`, `price`, `stock`, `discount`, `created_at`, `updated_at`) VALUES
(1, 'et', 'Sit doloribus odit est in et quia at voluptatem. Temporibus a laboriosam odit et minus. Sunt molestiae ullam optio officiis non consectetur sed. Repellat nesciunt ipsam non accusamus incidunt et maiores.', 800, 5, 21, '2018-03-20 07:40:00', '2018-03-20 07:40:00'),
(2, 'et', 'Ratione nostrum sit sit magni blanditiis et blanditiis. Nisi tempora magnam libero voluptatum. Quia cupiditate libero consequatur. Quae officiis aut qui voluptates delectus quod. Molestias consequatur atque temporibus aspernatur.', 650, 3, 16, '2018-03-20 07:40:00', '2018-03-20 07:40:00'),
(3, 'possimus', 'Itaque labore maiores aut atque odit ex rerum. Ipsam aperiam et facere qui reprehenderit aut. Totam temporibus assumenda dolor ut.', 877, 8, 20, '2018-03-20 07:40:00', '2018-03-20 07:40:00'),
(4, 'ab', 'Tempora totam ipsam error quia quae. Impedit voluptas optio et eum aperiam neque. Qui totam nemo dolor harum. Nihil ut quo facere vel sit facere odio. Libero consequatur et totam similique dolores veritatis est et.', 646, 6, 19, '2018-03-20 07:40:00', '2018-03-20 07:40:00'),
(5, 'et', 'Unde omnis minima minima. Et repellat qui ipsam quas soluta. Odio eaque in labore ex non modi blanditiis. Totam velit sit aut alias est dolores provident.', 403, 4, 18, '2018-03-20 07:40:00', '2018-03-20 07:40:00'),
(6, 'laudantium', 'Autem rerum nobis vel. Animi eius consequuntur voluptatibus sit distinctio.', 524, 4, 30, '2018-03-20 07:40:00', '2018-03-20 07:40:00'),
(7, 'maiores', 'Aut itaque libero incidunt cum. Nulla voluptas et et sed. Illum impedit velit deleniti laudantium perspiciatis. Officia delectus tempore dicta odio.', 955, 9, 7, '2018-03-20 07:40:00', '2018-03-20 07:40:00'),
(8, 'quis', 'Et enim repudiandae minus nihil autem sed. Officiis placeat nihil beatae necessitatibus rerum accusantium. Est repellat sequi maxime facere nam rerum. Voluptas in quis et molestias voluptatem. Cupiditate libero aut voluptas sequi facilis amet.', 282, 1, 16, '2018-03-20 07:40:00', '2018-03-20 07:40:00'),
(9, 'ipsa', 'Quae dolor sed delectus esse molestiae. Beatae qui alias voluptas maiores at. A quia reprehenderit minima debitis occaecati recusandae.', 401, 8, 23, '2018-03-20 07:40:00', '2018-03-20 07:40:00'),
(10, 'recusandae', 'Similique fugit magnam exercitationem ducimus temporibus aut sed. Necessitatibus sunt neque minima. Dolores magnam qui cumque ea nam. Non nam eum eius inventore.', 730, 5, 2, '2018-03-20 07:40:01', '2018-03-20 07:40:01'),
(11, 'rerum', 'Ut qui sint cumque animi illo debitis eius. Illo odit exercitationem in harum omnis in tempore. Aperiam aut facilis rerum sint quo quidem. Nulla sit sequi maxime porro.', 806, 6, 3, '2018-03-20 07:40:01', '2018-03-20 07:40:01'),
(12, 'qui', 'Vel vero molestiae suscipit voluptatem. Voluptas vel accusamus iure error magni debitis voluptates quia. Sunt consequatur molestiae nihil sunt repudiandae officiis labore.', 110, 6, 23, '2018-03-20 07:40:01', '2018-03-20 07:40:01'),
(13, 'sapiente', 'Beatae expedita dolorum neque. Sed rerum praesentium asperiores ut repellat. Fuga est maiores amet hic. Molestiae officia qui sed.', 135, 4, 12, '2018-03-20 07:40:01', '2018-03-20 07:40:01'),
(14, 'ut', 'Sint nostrum dolorem esse sint vel ut itaque quis. Nesciunt et voluptas aperiam ipsum amet. Et odio quisquam corporis iste nobis eos. Sapiente consectetur adipisci ea.', 410, 5, 30, '2018-03-20 07:40:01', '2018-03-20 07:40:01'),
(15, 'voluptatem', 'Sed velit suscipit enim incidunt eos. Quis dolorum quaerat aspernatur voluptas voluptate. Enim quas quasi molestiae quisquam ipsa eius. Amet sint et temporibus eaque et.', 991, 2, 26, '2018-03-20 07:40:01', '2018-03-20 07:40:01'),
(16, 'id', 'In consequuntur culpa voluptas eum nesciunt. Tenetur ut culpa corporis. Doloribus quis fugit nostrum quas. Numquam quibusdam dignissimos tempore culpa placeat praesentium et dolores.', 606, 9, 3, '2018-03-20 07:40:01', '2018-03-20 07:40:01'),
(17, 'voluptates', 'Ut illum nam est repudiandae. Quod laboriosam voluptate doloremque hic cum est delectus. Et eligendi id voluptatem aliquid deserunt quo labore.', 1000, 4, 14, '2018-03-20 07:40:01', '2018-03-20 07:40:01'),
(18, 'enim', 'Qui eos et quo saepe et saepe. Rem possimus necessitatibus impedit sapiente voluptatum voluptatem. Neque corporis autem provident ut dolores facilis mollitia. Itaque veritatis consectetur ipsam atque iste dolores.', 102, 9, 10, '2018-03-20 07:40:01', '2018-03-20 07:40:01'),
(19, 'aut', 'Quibusdam at mollitia quia quod debitis corporis. Expedita nulla quam quisquam omnis qui officiis. Et aut mollitia veniam aspernatur. Adipisci optio ex voluptatem aperiam consectetur.', 166, 3, 22, '2018-03-20 07:40:01', '2018-03-20 07:40:01'),
(20, 'est', 'Aliquid et labore ullam nemo. Consectetur quia voluptatum placeat est vitae ipsam molestiae. Voluptas velit repudiandae dolorem sit odio voluptate sequi. Suscipit autem est nobis vel quas.', 321, 2, 28, '2018-03-20 07:40:01', '2018-03-20 07:40:01'),
(21, 'consequuntur', 'Rerum mollitia incidunt quod tenetur. Qui quidem et enim iure vel. Nisi quasi quaerat aut maiores. Ea tempore distinctio necessitatibus neque.', 362, 8, 10, '2018-03-20 07:40:01', '2018-03-20 07:40:01'),
(22, 'officiis', 'Et dolor deserunt voluptate eveniet aut. Ea quasi eos tenetur voluptas qui praesentium sunt. Rem dolor suscipit veritatis adipisci saepe quis consequatur praesentium.', 103, 3, 16, '2018-03-20 07:40:01', '2018-03-20 07:40:01'),
(23, 'maiores', 'Quaerat eum qui fugit eum nam. Incidunt molestias ducimus est rem neque ut consequuntur beatae. Ipsum expedita reiciendis labore. Enim iste iste ut laborum sint.', 955, 0, 22, '2018-03-20 07:40:01', '2018-03-20 07:40:01'),
(24, 'autem', 'Nisi omnis earum placeat minus asperiores. Ratione est saepe omnis consequuntur.', 561, 9, 19, '2018-03-20 07:40:01', '2018-03-20 07:40:01'),
(25, 'ipsam', 'Beatae et quia molestiae. Possimus earum eaque veniam non voluptatem facilis cum. Voluptate quam explicabo ipsam nesciunt.', 344, 1, 12, '2018-03-20 07:40:01', '2018-03-20 07:40:01'),
(26, 'sint', 'Nihil sit corporis ex tempora et maiores asperiores. Nobis unde quia in at aut eaque recusandae. Voluptatem sunt quibusdam odit vero assumenda.', 235, 6, 28, '2018-03-20 07:40:01', '2018-03-20 07:40:01'),
(27, 'nulla', 'Facilis nihil repellat et quisquam consequuntur commodi. Et amet quis id incidunt occaecati. Quia aut nesciunt magnam sunt.', 457, 2, 23, '2018-03-20 07:40:01', '2018-03-20 07:40:01'),
(28, 'provident', 'Nesciunt corrupti quaerat quod non est. Ducimus enim ratione voluptas aut. Blanditiis voluptatem doloribus non et adipisci. Vero enim ducimus consequuntur quo dolorem.', 412, 1, 26, '2018-03-20 07:40:01', '2018-03-20 07:40:01'),
(29, 'iste', 'Est dolorem repellendus quas porro deserunt voluptatem. Ut ut quisquam non et ut soluta a. Veniam et corrupti temporibus rem vel architecto et.', 687, 6, 27, '2018-03-20 07:40:01', '2018-03-20 07:40:01'),
(30, 'est', 'Et blanditiis nihil alias praesentium tempore deserunt voluptatem. Minima iusto consequatur ipsam dicta dolores earum alias. Eum laboriosam rem repellat saepe iure beatae qui.', 241, 2, 16, '2018-03-20 07:40:01', '2018-03-20 07:40:01'),
(31, 'optio', 'Sunt nihil et inventore dolores et voluptates dolorem tenetur. Ipsam voluptatem provident illo minima quia vitae quo deleniti. In libero deserunt fugiat molestiae excepturi.', 409, 4, 14, '2018-03-20 07:40:01', '2018-03-20 07:40:01'),
(32, 'quisquam', 'Non praesentium soluta sunt labore. Omnis natus corrupti deserunt voluptatem velit nobis ex. Qui veritatis earum repellat et inventore ipsa. Odit et qui perspiciatis ut id voluptatem quam.', 772, 2, 25, '2018-03-20 07:40:02', '2018-03-20 07:40:02'),
(33, 'voluptate', 'Ut qui sit nihil iusto consequatur dolorum. Deserunt quis sit quibusdam dolor voluptate quibusdam. Nihil aspernatur non aut voluptatem dolor et consequatur. Minus quia qui ipsum qui et.', 654, 5, 17, '2018-03-20 07:40:02', '2018-03-20 07:40:02'),
(34, 'consequatur', 'Facilis nam minima soluta repudiandae error est. Fugit mollitia iste a occaecati exercitationem est beatae. Enim et vel mollitia. Totam fugit dignissimos aspernatur ullam est dolor. Voluptatem est qui eos placeat sunt.', 389, 2, 7, '2018-03-20 07:40:02', '2018-03-20 07:40:02'),
(35, 'ad', 'Officiis dolores minus perspiciatis voluptatem aut. Ipsa quasi voluptatem esse. Quis repellat quos rerum natus sint est.', 921, 5, 30, '2018-03-20 07:40:02', '2018-03-20 07:40:02'),
(36, 'laboriosam', 'Expedita ex sunt laborum illum. Voluptatem et quis nobis ipsa at quia. Qui deleniti quod voluptatem corporis numquam.', 360, 5, 25, '2018-03-20 07:40:02', '2018-03-20 07:40:02'),
(37, 'rerum', 'Sequi id autem harum dolorem. Ea et maxime nobis eum porro quo molestiae. Eum architecto deleniti at molestiae enim placeat eaque.', 317, 7, 4, '2018-03-20 07:40:02', '2018-03-20 07:40:02'),
(38, 'quia', 'Consequuntur perspiciatis omnis aperiam eveniet cupiditate voluptate ad. Eum accusamus quos quam dolore quos. Impedit est et omnis incidunt. Facere aut quis animi a veritatis.', 522, 6, 12, '2018-03-20 07:40:02', '2018-03-20 07:40:02'),
(39, 'eveniet', 'Quam porro voluptas accusantium fuga illum ipsum. Ipsa esse aliquid recusandae id velit neque provident. Ipsa ab commodi quia repellendus eum. Necessitatibus veniam ab rerum deleniti dolorem. Qui ipsam ut quis placeat minus qui ad.', 395, 8, 21, '2018-03-20 07:40:02', '2018-03-20 07:40:02'),
(40, 'voluptates', 'Ut accusantium soluta id error voluptates. Aut quasi est natus. Sed aspernatur est quo aut voluptate dolores.', 203, 5, 20, '2018-03-20 07:40:02', '2018-03-20 07:40:02'),
(41, 'commodi', 'Modi rerum qui beatae voluptas omnis expedita. Culpa vel aliquid qui rerum vero. Libero minus quam qui non aut perspiciatis sapiente. Quis perferendis a aperiam non ducimus dignissimos dicta necessitatibus.', 870, 6, 17, '2018-03-20 07:40:02', '2018-03-20 07:40:02'),
(42, 'sit', 'Excepturi cumque aut provident exercitationem non et quia assumenda. Dignissimos est aspernatur fuga veniam libero amet harum explicabo. Nihil harum quis mollitia molestiae.', 892, 4, 11, '2018-03-20 07:40:02', '2018-03-20 07:40:02'),
(43, 'eaque', 'Ducimus in sit enim quo. Quia recusandae accusamus iusto ad sit. Perferendis blanditiis corrupti qui quia distinctio nobis dolorem.', 456, 0, 2, '2018-03-20 07:40:02', '2018-03-20 07:40:02'),
(44, 'tenetur', 'Quasi sint consequatur dolore distinctio voluptatem et ex. Dolorem cum quia inventore explicabo et aut dolorum. Et esse ut quo iure sint. Est ab consequuntur corporis labore facere natus.', 208, 9, 18, '2018-03-20 07:40:02', '2018-03-20 07:40:02'),
(45, 'tempora', 'Nobis deserunt quam est ratione quisquam et. Placeat optio sint at velit labore.', 812, 0, 20, '2018-03-20 07:40:02', '2018-03-20 07:40:02'),
(46, 'magnam', 'Repellendus magnam dolor non consequuntur error. Ducimus ut mollitia velit omnis consequatur dolores. Veritatis harum dolor sit doloremque corporis facere exercitationem. Similique vel expedita et fugit sunt et quod.', 697, 5, 5, '2018-03-20 07:40:02', '2018-03-20 07:40:02'),
(47, 'quam', 'Et ea odit temporibus dicta. Laborum possimus omnis voluptas unde numquam aliquid nihil. Et consectetur odio impedit et.', 314, 6, 15, '2018-03-20 07:40:02', '2018-03-20 07:40:02'),
(48, 'laborum', 'Veritatis dolorum saepe est aspernatur in quam vitae. Nihil et natus non illum ipsam consequatur voluptates et. Quidem maiores eius veritatis voluptatibus consequatur animi. Quidem quo expedita omnis veritatis et.', 434, 7, 14, '2018-03-20 07:40:02', '2018-03-20 07:40:02'),
(49, 'eum', 'Dolor non animi quidem sed itaque. Et sit rerum dolor itaque et. Dolores atque laboriosam et qui dolorem. Sequi ut sed adipisci.', 777, 6, 7, '2018-03-20 07:40:02', '2018-03-20 07:40:02'),
(50, 'aliquam', 'Ex rerum ut cum ut error. Sint omnis vel modi dicta sed amet. Temporibus deleniti qui ullam in sunt. Rerum architecto et cumque iusto est.', 548, 5, 28, '2018-03-20 07:40:02', '2018-03-20 07:40:02');

-- --------------------------------------------------------

--
-- Table structure for table `reviews`
--

CREATE TABLE `reviews` (
  `id` int(10) UNSIGNED NOT NULL,
  `product_id` int(10) UNSIGNED NOT NULL,
  `customer` varchar(191) COLLATE utf8mb4_unicode_ci NOT NULL,
  `review` text COLLATE utf8mb4_unicode_ci NOT NULL,
  `star` int(11) NOT NULL,
  `created_at` timestamp NULL DEFAULT NULL,
  `updated_at` timestamp NULL DEFAULT NULL
) ENGINE=InnoDB DEFAULT CHARSET=utf8mb4 COLLATE=utf8mb4_unicode_ci;

--
-- Dumping data for table `reviews`
--

INSERT INTO `reviews` (`id`, `product_id`, `customer`, `review`, `star`, `created_at`, `updated_at`) VALUES
(1, 26, 'Rosanna Frami II', 'Quia quas labore fuga fugit. Ut quisquam aut autem et ut ut. Voluptatem nisi ipsam accusamus et ea.', 4, '2018-03-20 07:40:04', '2018-03-20 07:40:04'),
(2, 30, 'Johnathon Runolfsdottir', 'Quo ut perferendis tempora aliquam ut. Commodi est neque impedit. Veritatis magni accusamus aperiam sed sed suscipit. Eum rerum aliquid nemo voluptatem sunt non et.', 0, '2018-03-20 07:40:04', '2018-03-20 07:40:04'),
(3, 31, 'Jeanette Monahan', 'Rem quae dolores suscipit aperiam suscipit. Est est totam autem deserunt consequatur. Unde harum recusandae optio consequatur. Omnis odio id autem ullam aspernatur id.', 5, '2018-03-20 07:40:04', '2018-03-20 07:40:04'),
(4, 13, 'Brittany Rutherford', 'Eos itaque dolores harum non. Molestiae architecto eligendi exercitationem dolores. Possimus quibusdam aperiam nulla molestias.', 1, '2018-03-20 07:40:04', '2018-03-20 07:40:04'),
(5, 23, 'Brandon Daugherty', 'Numquam voluptatibus dolore libero omnis. Quis consequatur atque dolor ducimus. Labore et quaerat ut commodi mollitia porro. Tempore commodi quis magni dolorum quam recusandae animi.', 1, '2018-03-20 07:40:04', '2018-03-20 07:40:04'),
(6, 49, 'Grayson Kris Sr.', 'Possimus et sint corporis omnis rerum autem sint. Quia et molestiae velit sed.', 1, '2018-03-20 07:40:04', '2018-03-20 07:40:04'),
(7, 48, 'Miracle Osinski', 'Impedit est iure modi voluptatem distinctio. Et consequatur magnam sequi aut cum occaecati. Temporibus ut qui sed omnis et sed.', 3, '2018-03-20 07:40:04', '2018-03-20 07:40:04'),
(8, 5, 'Eudora Hammes', 'Ea id consequatur ea temporibus inventore dignissimos nobis. Est ut illum at omnis nulla. Non est placeat possimus eos est quis. Mollitia magni reprehenderit vero facere.', 0, '2018-03-20 07:40:04', '2018-03-20 07:40:04'),
(9, 15, 'Ashton O\'Hara', 'Ex qui aperiam rem qui voluptatem. Repudiandae consequatur ipsam et quibusdam dolor eos minima reiciendis. Error quae qui est ullam. Quidem incidunt deleniti molestias eos praesentium sit voluptatem.', 1, '2018-03-20 07:40:04', '2018-03-20 07:40:04'),
(10, 5, 'Prof. Adriel Kozey', 'Dolor eum maiores asperiores distinctio saepe voluptatem voluptatem. Ipsum et inventore et non necessitatibus occaecati quaerat quisquam. Quae dolorem dicta quo ea porro veniam.', 0, '2018-03-20 07:40:04', '2018-03-20 07:40:04'),
(11, 49, 'Kylie Kub I', 'Et qui laboriosam et adipisci amet alias. Molestiae debitis iusto quo atque. Voluptas modi et asperiores ab harum vitae.', 5, '2018-03-20 07:40:04', '2018-03-20 07:40:04'),
(12, 20, 'Omer Bahringer', 'Voluptate similique aut quis ea non ea libero. Tenetur autem tempore corrupti voluptatem ut. Dicta quasi consequuntur veritatis sed ad ut nostrum blanditiis. Sit debitis est minima officia nihil impedit. Iusto odit exercitationem maxime cumque.', 0, '2018-03-20 07:40:04', '2018-03-20 07:40:04'),
(13, 20, 'Shaniya Kilback I', 'Aut vel inventore a culpa maiores sint officia. Laboriosam sequi accusamus ex vel maiores.', 1, '2018-03-20 07:40:04', '2018-03-20 07:40:04'),
(14, 23, 'Colton Jerde', 'Quia aut non doloremque deleniti eligendi. Quae dolor labore voluptatibus qui occaecati quia quia. Iste quisquam minus voluptatum est amet sed qui.', 1, '2018-03-20 07:40:04', '2018-03-20 07:40:04'),
(15, 2, 'Marco Kihn', 'Maxime officiis eligendi sed debitis id sequi cupiditate. Deserunt optio sed velit qui et eos distinctio. Mollitia quas voluptate fugit deleniti. Ipsa exercitationem laudantium consequatur distinctio sint quas.', 2, '2018-03-20 07:40:04', '2018-03-20 07:40:04'),
(16, 30, 'Prof. Asha Murray', 'Ipsa inventore enim possimus. Officia atque similique sunt ipsum et qui ea. Et possimus dolorem similique explicabo aut dolorem.', 3, '2018-03-20 07:40:04', '2018-03-20 07:40:04'),
(17, 39, 'Zachariah Johnson', 'Et cupiditate blanditiis est facere eum quas necessitatibus. Et laborum dolorem et est dolore nesciunt sint unde.', 5, '2018-03-20 07:40:04', '2018-03-20 07:40:04'),
(18, 15, 'Aurelie Boyle', 'Totam similique accusamus cum ullam. Qui sit voluptatem explicabo consequatur dolorem aut aliquam. Officiis voluptas possimus nihil. Expedita quas rerum et et voluptate. Omnis ut voluptatum sit illo.', 0, '2018-03-20 07:40:04', '2018-03-20 07:40:04'),
(19, 7, 'Alycia Kulas', 'Aut aliquam itaque repudiandae. Est nulla reiciendis voluptatibus qui voluptas adipisci qui. Minima consequatur non illo cumque est aperiam fugit impedit. Ullam consequatur veniam odio itaque minima. Quam provident qui atque quia ea magnam aperiam.', 1, '2018-03-20 07:40:04', '2018-03-20 07:40:04'),
(20, 21, 'Vanessa Feil DDS', 'Est aliquam fugiat occaecati nemo. Sit quis rerum deserunt. Aut id aut unde expedita qui placeat. Ratione consequatur nam praesentium.', 5, '2018-03-20 07:40:04', '2018-03-20 07:40:04'),
(21, 14, 'Ottilie Reynolds', 'Animi sed dolorem corrupti tenetur fugit velit at. Et sunt sit eligendi aliquam vitae.', 1, '2018-03-20 07:40:05', '2018-03-20 07:40:05'),
(22, 9, 'Florencio Streich', 'Eos nobis sunt est maxime qui qui. Maxime provident aut et magnam.', 4, '2018-03-20 07:40:05', '2018-03-20 07:40:05'),
(23, 14, 'Anthony Jaskolski', 'Corporis commodi quasi qui pariatur dolor rem quae. Iusto maiores necessitatibus ut. Saepe corporis eligendi maiores earum. Repellendus ut ullam voluptatum fuga repudiandae.', 2, '2018-03-20 07:40:05', '2018-03-20 07:40:05'),
(24, 43, 'Dr. Jarrett Welch I', 'Praesentium voluptatum quia ut explicabo quo facere aliquid. Sunt saepe ut corporis fugiat accusamus quo. Vitae at quisquam iure deserunt repudiandae minima quis. Modi atque et sunt corporis vero.', 3, '2018-03-20 07:40:05', '2018-03-20 07:40:05'),
(25, 33, 'Madilyn Jones', 'Praesentium dolor sit eum molestiae officiis consectetur aut. Et non eius error sint. Sint deserunt illum ex nostrum temporibus. Dolores consequuntur dolores accusantium officiis.', 2, '2018-03-20 07:40:05', '2018-03-20 07:40:05'),
(26, 7, 'Alejandrin Runte PhD', 'Sit ipsam impedit distinctio quo. Laboriosam fugit quidem officia itaque explicabo rerum. Sit quo alias iusto est earum. Qui sapiente repellat officia ipsa dicta dolorem.', 1, '2018-03-20 07:40:05', '2018-03-20 07:40:05'),
(27, 16, 'Constantin McKenzie', 'Aut officiis nemo assumenda ut. At voluptas maxime esse consequatur. Ratione vitae ut dolores aliquid aut quos. Accusantium numquam suscipit assumenda consectetur esse minus a.', 3, '2018-03-20 07:40:05', '2018-03-20 07:40:05'),
(28, 1, 'Lenny Cruickshank', 'Cumque dolor dignissimos voluptas exercitationem adipisci quae esse. Necessitatibus tenetur rerum deleniti modi repudiandae quod et. Magni mollitia voluptatem ipsam vel unde placeat.', 2, '2018-03-20 07:40:05', '2018-03-20 07:40:05'),
(29, 4, 'Miss Alvena Donnelly DVM', 'Qui sint dolores nihil. Neque laboriosam adipisci ex ex. Quod iure dicta sed perferendis vero. Dolores quia cumque libero quia.', 2, '2018-03-20 07:40:05', '2018-03-20 07:40:05'),
(30, 37, 'Vanessa O\'Hara MD', 'Et ipsum est corrupti nihil minus sed. Ut voluptatem quisquam architecto excepturi nulla fugit et. Ut ipsum asperiores tempora delectus.', 5, '2018-03-20 07:40:05', '2018-03-20 07:40:05'),
(31, 9, 'Prof. Sydney Leannon', 'Illo magnam reprehenderit corporis perspiciatis. Nisi amet et iste voluptatem. Quos mollitia ab cupiditate omnis. Iste et vel et temporibus totam dolores. Et ad pariatur reprehenderit quae earum.', 0, '2018-03-20 07:40:05', '2018-03-20 07:40:05'),
(32, 47, 'Emma Farrell', 'Cupiditate ullam a nam necessitatibus totam dolores molestiae. Provident molestiae est quis et nisi esse. Similique non atque vel quasi eos.', 0, '2018-03-20 07:40:05', '2018-03-20 07:40:05'),
(33, 45, 'Lucinda Howell IV', 'Eligendi rerum commodi nesciunt provident eos suscipit. Nemo optio sed rerum veniam temporibus. Voluptas veritatis voluptatem suscipit voluptatem voluptatem veritatis.', 5, '2018-03-20 07:40:05', '2018-03-20 07:40:05'),
(34, 29, 'Connie Sporer', 'Quis error deleniti eos eos itaque. Beatae voluptatem et accusamus ut saepe vel corporis. Modi alias et aut eum maxime eum. Voluptatem voluptatibus occaecati modi quaerat quis magnam hic.', 1, '2018-03-20 07:40:05', '2018-03-20 07:40:05'),
(35, 45, 'Marielle Schmitt', 'Molestias ut saepe dolorem fuga quia at. Voluptatem a quisquam autem enim eos autem minus repellendus. In quia qui voluptatibus deserunt molestiae eum et.', 0, '2018-03-20 07:40:05', '2018-03-20 07:40:05'),
(36, 22, 'Lowell Auer', 'Ex et ullam consequuntur ut laudantium sed in. Reiciendis porro quia nihil dolorem. Reiciendis voluptates quia quam.', 0, '2018-03-20 07:40:05', '2018-03-20 07:40:05'),
(37, 26, 'Prof. Joey Collier II', 'Impedit debitis ex dolor non ut. Eaque hic quos assumenda ut. Dolorem totam deleniti sunt exercitationem unde aut quo laboriosam. Commodi tempora velit ipsa. Nemo consequatur sunt laboriosam commodi molestiae quas qui.', 4, '2018-03-20 07:40:05', '2018-03-20 07:40:05'),
(38, 16, 'Leonel Rosenbaum II', 'Odit ut sit voluptatibus. Earum non est consequuntur blanditiis et est quidem. Aut occaecati nesciunt ipsa dolorum dicta vitae delectus.', 5, '2018-03-20 07:40:05', '2018-03-20 07:40:05'),
(39, 22, 'Ms. Meta Dicki', 'Et qui et eos quo. Rem officiis voluptatem inventore sunt perferendis quisquam blanditiis.', 5, '2018-03-20 07:40:05', '2018-03-20 07:40:05'),
(40, 50, 'Colt Blanda', 'Eius officiis magnam sunt quis. Numquam dolores minima asperiores distinctio. Et magnam temporibus odit illum voluptatem pariatur sint. Asperiores dolores odio vel aut alias possimus minus. Libero sed aperiam tempore commodi.', 1, '2018-03-20 07:40:05', '2018-03-20 07:40:05'),
(41, 39, 'Eliane Abbott', 'Soluta reprehenderit eos sunt molestias voluptatem aperiam. Libero consequatur culpa sed optio provident. In optio iure repudiandae quia laudantium.', 4, '2018-03-20 07:40:06', '2018-03-20 07:40:06'),
(42, 46, 'Gunnar Ondricka', 'Consequatur autem autem iure omnis sed tenetur et est. Quam molestias cupiditate quis expedita enim quae fugiat. Doloribus voluptas quaerat omnis eos.', 2, '2018-03-20 07:40:06', '2018-03-20 07:40:06'),
(43, 3, 'Enid Haley', 'Corporis pariatur consequatur magni voluptatibus nisi. Perspiciatis sit incidunt voluptatum saepe eaque eum. Asperiores maiores quas qui hic.', 2, '2018-03-20 07:40:06', '2018-03-20 07:40:06'),
(44, 24, 'Litzy Kemmer', 'Adipisci architecto corrupti aut sit ut beatae sunt. Accusamus accusantium fugit est. Rerum aut est harum placeat soluta quos consequatur. Sunt itaque doloremque aut et nisi veritatis.', 4, '2018-03-20 07:40:06', '2018-03-20 07:40:06'),
(45, 7, 'Johathan Bartell', 'Exercitationem aut quisquam dicta omnis hic corporis. Explicabo ipsam modi iusto quia. Architecto vitae eos et accusantium. Sit ratione maxime cumque minima consequatur.', 5, '2018-03-20 07:40:06', '2018-03-20 07:40:06'),
(46, 9, 'Reginald Wunsch', 'Et facilis in nesciunt molestias eum ut quae. Quibusdam occaecati vero sapiente quis accusantium. Et magnam accusantium culpa quisquam itaque ut et.', 4, '2018-03-20 07:40:06', '2018-03-20 07:40:06'),
(47, 28, 'Dr. Rodrigo Littel', 'Velit quibusdam impedit ea sunt optio harum. Pariatur cumque maxime illo autem iure. Nobis iste aut esse eum.', 1, '2018-03-20 07:40:06', '2018-03-20 07:40:06'),
(48, 48, 'Ms. Lorine Beahan', 'Consequatur ab vitae odio ut atque qui est. Cum placeat molestias explicabo id asperiores. Ut ducimus repellendus autem atque odio assumenda corporis. Voluptas qui nesciunt numquam impedit accusantium ipsa recusandae.', 2, '2018-03-20 07:40:06', '2018-03-20 07:40:06'),
(49, 44, 'Joy Hintz', 'Quis distinctio repellendus consequuntur magnam. Voluptatum cum nesciunt molestias veniam odit et. Aut enim sed aut id. Facilis sapiente ex quasi qui illo deserunt dignissimos.', 5, '2018-03-20 07:40:06', '2018-03-20 07:40:06'),
(50, 7, 'Dr. Noelia Legros MD', 'Fuga facere enim quas ut quam omnis. Quos assumenda itaque eveniet iste occaecati nostrum. Iste amet similique inventore repellat cupiditate.', 0, '2018-03-20 07:40:06', '2018-03-20 07:40:06'),
(51, 47, 'Mrs. Marcelina Gutkowski III', 'Dolorem et occaecati deserunt sed sit culpa laudantium. Voluptatum nostrum quisquam ratione ipsum omnis. Sed est tempore ut eos dolorem dolorum magni.', 3, '2018-03-20 07:40:06', '2018-03-20 07:40:06'),
(52, 31, 'Prof. Garnet Jast', 'Repudiandae accusantium dolorum doloribus quae possimus quam id. Est deserunt at nostrum fugiat doloremque et.', 3, '2018-03-20 07:40:06', '2018-03-20 07:40:06'),
(53, 31, 'Mr. Edgardo Gislason', 'Impedit beatae impedit accusantium. Cumque et occaecati similique quaerat velit saepe quidem. Ad maiores eos atque nulla. Cum accusantium sunt accusantium neque voluptatem hic et.', 5, '2018-03-20 07:40:06', '2018-03-20 07:40:06'),
(54, 10, 'Ricardo Ernser', 'Dolores non qui velit dolor reprehenderit alias id. Beatae eius aut possimus dolores natus tempore. Sint minima facilis pariatur molestias a.', 1, '2018-03-20 07:40:06', '2018-03-20 07:40:06'),
(55, 44, 'Alisa Green IV', 'Unde in ipsum distinctio nihil reprehenderit reprehenderit est. Et rem aut praesentium officia sed atque maxime. Blanditiis possimus vel omnis dolore molestias nulla. Quod distinctio pariatur aut id.', 5, '2018-03-20 07:40:06', '2018-03-20 07:40:06'),
(56, 15, 'Tyler Lind', 'Culpa ut corporis in reprehenderit tempora eum. Quia ullam vel quia et omnis odio deserunt. Voluptatem ut facere qui debitis laborum blanditiis.', 3, '2018-03-20 07:40:06', '2018-03-20 07:40:06'),
(57, 21, 'Isidro Kilback I', 'Vitae dolorem cupiditate voluptate aut libero cum dolores. Distinctio sunt sit placeat doloremque debitis fuga est. Amet voluptas quae amet labore excepturi.', 2, '2018-03-20 07:40:06', '2018-03-20 07:40:06'),
(58, 6, 'Trace Waelchi', 'Repellat est quia et impedit. Quae a enim cum voluptate velit eum quas vero. Tempora enim dolores et non quaerat rerum.', 1, '2018-03-20 07:40:06', '2018-03-20 07:40:06'),
(59, 28, 'Rachel Prosacco', 'Repudiandae et ut at sint neque rerum et harum. Nihil facere delectus est neque quia nam. Temporibus eos commodi atque in fugit aperiam placeat est.', 4, '2018-03-20 07:40:06', '2018-03-20 07:40:06'),
(60, 5, 'Kip Reichel', 'Sint voluptatem autem odit consectetur alias. Qui facere autem voluptas odio voluptatem. Itaque autem ut dolores nulla corrupti ducimus impedit modi. Voluptatem maxime iste beatae ducimus.', 5, '2018-03-20 07:40:06', '2018-03-20 07:40:06'),
(61, 19, 'Syble O\'Kon', 'Ratione error quo et id laboriosam enim. Cupiditate qui eligendi et. Soluta deserunt at necessitatibus aut. Tempore sed eos vero beatae dicta. Nostrum aut cum exercitationem sed.', 0, '2018-03-20 07:40:06', '2018-03-20 07:40:06'),
(62, 37, 'Rosalyn Von', 'Molestias consectetur dicta asperiores aut aperiam iure. Quia exercitationem ut fugit labore nesciunt explicabo voluptas. Est illum dolor unde qui.', 2, '2018-03-20 07:40:06', '2018-03-20 07:40:06'),
(63, 15, 'Lorenzo Bednar', 'Ut aliquam perferendis non modi. Architecto et aliquid in recusandae. Nisi deleniti consequatur ad commodi accusantium assumenda facilis. Est alias rem quis dolores odio aperiam non et.', 3, '2018-03-20 07:40:06', '2018-03-20 07:40:06'),
(64, 47, 'Ms. Micaela Wuckert', 'Quia omnis quasi occaecati ullam ad molestiae nulla est. In officia alias voluptas qui sequi. Nihil aut accusantium laudantium velit magni odit. Quia saepe sint sequi assumenda.', 0, '2018-03-20 07:40:06', '2018-03-20 07:40:06'),
(65, 48, 'Dr. Pablo Frami MD', 'Eius eligendi non et quod. Impedit perspiciatis qui aut eligendi voluptatem ipsam quo. Fugit modi veniam illo repellat corrupti. Dolorem rem aut magni soluta.', 5, '2018-03-20 07:40:06', '2018-03-20 07:40:06'),
(66, 3, 'Prof. Donnell Kunze Jr.', 'Qui ratione architecto labore inventore sint necessitatibus provident. Et rerum aut eaque temporibus nihil ut ipsa vero. Incidunt iusto rerum voluptate qui.', 2, '2018-03-20 07:40:06', '2018-03-20 07:40:06'),
(67, 20, 'Eunice Douglas', 'Vel iste sed adipisci omnis veniam quae. Voluptas expedita earum dignissimos et fugiat delectus velit. Eos dolore tempore impedit accusantium voluptas laborum. Earum necessitatibus blanditiis ipsa impedit aut.', 1, '2018-03-20 07:40:06', '2018-03-20 07:40:06'),
(68, 40, 'Cheyenne Carter III', 'Velit non ut consequatur voluptatibus et unde nemo. Magnam odio et natus id odio voluptatem corporis. Id quae qui eveniet provident. Ab aliquam sequi hic nostrum sed.', 5, '2018-03-20 07:40:06', '2018-03-20 07:40:06'),
(69, 5, 'Xavier O\'Conner', 'Nostrum distinctio sit aut quia. Nam minima eaque minima inventore nam voluptates excepturi. Quis ab velit tempora quam placeat aut. Error quis consequatur dolores non. Quia laborum soluta qui odio.', 0, '2018-03-20 07:40:06', '2018-03-20 07:40:06'),
(70, 1, 'Elmira Schmidt DVM', 'Qui veniam ad doloribus deserunt fuga et. Eum quam et quia quisquam accusamus dolorem quibusdam. A et at sit rerum molestiae. Sint nam veritatis in mollitia.', 0, '2018-03-20 07:40:07', '2018-03-20 07:40:07'),
(71, 36, 'Kenneth Hamill', 'Quo sit fugiat quia optio ipsa. Dicta atque eos molestiae voluptas blanditiis nesciunt. Ea porro cum ducimus officiis minima libero. Dignissimos commodi et dolorem laudantium.', 0, '2018-03-20 07:40:07', '2018-03-20 07:40:07'),
(72, 6, 'Colleen Quitzon', 'Accusamus itaque laboriosam omnis error et eum a. Dolorum eum quia earum maxime tempora quia. Et maxime quos officiis voluptates et eaque.', 0, '2018-03-20 07:40:07', '2018-03-20 07:40:07'),
(73, 25, 'Burdette Huel PhD', 'Consequatur omnis et officia doloribus ex iure. Aperiam repellat soluta unde aut. Hic quo rerum omnis ut quae.', 1, '2018-03-20 07:40:07', '2018-03-20 07:40:07'),
(74, 37, 'Casandra Farrell', 'Nisi laborum suscipit sunt impedit dignissimos. Nisi perspiciatis nihil tempore voluptatem impedit. Quo sed tempore et et architecto provident. Incidunt autem ut neque quae.', 2, '2018-03-20 07:40:07', '2018-03-20 07:40:07'),
(75, 21, 'Pedro Luettgen', 'Molestiae vel voluptatem officia et tempore maxime dolor. Voluptas doloremque itaque minus facilis veniam ut eum. Libero unde saepe minus alias fuga. Sed veritatis deleniti numquam sed dolores voluptas veritatis.', 1, '2018-03-20 07:40:07', '2018-03-20 07:40:07'),
(76, 24, 'Ephraim O\'Connell', 'Ullam ut quasi et sunt accusantium. Cupiditate magni quod qui et distinctio vero omnis. Et molestiae aut quas rerum beatae sunt quis.', 1, '2018-03-20 07:40:07', '2018-03-20 07:40:07'),
(77, 26, 'Kevin Batz', 'Nam aut quo voluptatem quae velit iste. Et ipsa sunt eum ratione et ipsam. Enim et doloremque itaque nesciunt vitae et.', 4, '2018-03-20 07:40:07', '2018-03-20 07:40:07'),
(78, 4, 'Dorian Becker', 'Sunt id necessitatibus eaque veniam. Quia accusamus autem exercitationem. Eos est modi dolor molestiae.', 1, '2018-03-20 07:40:07', '2018-03-20 07:40:07'),
(79, 4, 'Ms. Arielle Anderson', 'Autem sed ea temporibus nulla excepturi non. Cumque adipisci inventore expedita facere quos hic. Et non consequatur quis consequatur qui quidem porro et. Voluptas saepe et harum. Nobis qui molestiae quia a ea.', 5, '2018-03-20 07:40:07', '2018-03-20 07:40:07'),
(80, 2, 'Teresa O\'Conner', 'Inventore et odio reiciendis perferendis nisi dolor assumenda. Voluptates et ea labore aut et. Beatae sit iste neque facere vero inventore corporis. Ipsam quia blanditiis quisquam dolor deserunt enim repellat.', 0, '2018-03-20 07:40:07', '2018-03-20 07:40:07'),
(81, 42, 'Mr. Randall Sipes PhD', 'Corporis labore ut quibusdam odio quae est. Voluptatem culpa esse nihil facere ipsam. Ex et necessitatibus dolorem nesciunt aliquid architecto voluptatum modi. Deserunt iure aliquid quas.', 2, '2018-03-20 07:40:07', '2018-03-20 07:40:07'),
(82, 34, 'Forest Feil', 'Animi eum eius nulla omnis laboriosam ipsam. Totam similique dolores consequatur et harum officiis ullam. Voluptas libero earum quia optio ea quis.', 4, '2018-03-20 07:40:07', '2018-03-20 07:40:07'),
(83, 5, 'Reed Orn', 'Quos placeat qui distinctio adipisci molestiae. Sed cum atque nisi. Est sint et perspiciatis id quo. Officia doloribus unde impedit et consequatur.', 1, '2018-03-20 07:40:07', '2018-03-20 07:40:07'),
(84, 41, 'Matt Ullrich PhD', 'Sed eum et qui aut enim maiores repellendus. Ea quia dignissimos at eius ea. Rem accusantium quod molestiae non aut.', 0, '2018-03-20 07:40:07', '2018-03-20 07:40:07'),
(85, 18, 'Garland Zemlak', 'Nemo dicta adipisci et dolores tenetur at sunt. Sit earum harum eaque amet velit voluptatem. Saepe corporis sapiente magni nobis. Omnis voluptatum et autem porro ut officia.', 5, '2018-03-20 07:40:07', '2018-03-20 07:40:07'),
(86, 29, 'Cleora Bailey', 'Occaecati consequuntur suscipit inventore assumenda cumque deleniti sint ad. Beatae vitae quaerat et laboriosam eius. Deleniti voluptatem recusandae nesciunt voluptates.', 5, '2018-03-20 07:40:07', '2018-03-20 07:40:07'),
(87, 47, 'Prof. Susie Wunsch V', 'Sed praesentium est nesciunt. Sit illo eligendi ab sed sapiente natus et. Consequatur ipsa voluptatum vitae sunt perferendis culpa facere.', 3, '2018-03-20 07:40:08', '2018-03-20 07:40:08'),
(88, 4, 'Miss Shawna Satterfield Jr.', 'Voluptatibus neque pariatur commodi eum eum. Ut eligendi doloribus nemo sed reprehenderit itaque. Incidunt consequatur esse nam sed perspiciatis sit. Omnis nam non et corrupti iusto.', 4, '2018-03-20 07:40:08', '2018-03-20 07:40:08'),
(89, 11, 'Cruz Hudson', 'Ut pariatur nihil delectus adipisci. Nihil quas eveniet quisquam sit. Rem aut et a. Ullam blanditiis quis dolore omnis dolores repellat repellendus. Ut et et facere corrupti esse.', 3, '2018-03-20 07:40:08', '2018-03-20 07:40:08'),
(90, 7, 'Miss Katelynn Grimes', 'Soluta voluptas ut necessitatibus unde non saepe. Illo exercitationem minima culpa distinctio accusamus. Facilis officiis debitis at labore.', 2, '2018-03-20 07:40:08', '2018-03-20 07:40:08'),
(91, 22, 'Shanel Rutherford', 'Quia exercitationem excepturi expedita autem quam ea. Ad praesentium quod beatae harum hic consequatur. Dolor blanditiis voluptatibus saepe pariatur.', 3, '2018-03-20 07:40:08', '2018-03-20 07:40:08'),
(92, 37, 'Stephany Kunze DDS', 'Libero id cum itaque recusandae. Dolores aut sit possimus ut quas ut. Atque quod consequatur eos laborum. Dolores velit labore deleniti eius aut aut. Perspiciatis voluptatem quia quam qui voluptates quasi autem.', 3, '2018-03-20 07:40:08', '2018-03-20 07:40:08'),
(93, 50, 'Arnold Runte', 'Ex veritatis et culpa aspernatur. Est maiores omnis dolores ipsum facilis voluptatem. Fuga et illum expedita labore voluptatum rerum dolores.', 2, '2018-03-20 07:40:08', '2018-03-20 07:40:08'),
(94, 8, 'Tia Ruecker', 'Nam sequi accusantium omnis consequatur. Delectus aut quae sed dolores culpa aut. In numquam eligendi illo voluptatibus officiis quas. Quis voluptates molestias quia nihil in quam.', 0, '2018-03-20 07:40:08', '2018-03-20 07:40:08'),
(95, 33, 'Heloise Moore', 'Et facilis tenetur nam ipsa. Sed aut vitae dignissimos et dolor accusantium. Ducimus voluptatum quod exercitationem qui. Et rerum repellendus asperiores ad labore.', 3, '2018-03-20 07:40:08', '2018-03-20 07:40:08'),
(96, 48, 'Prof. Rosina Schroeder Sr.', 'Rem velit aut est soluta ut saepe labore. Molestiae delectus voluptatum placeat at architecto laborum aut iste. Est fuga in qui minus quia eligendi.', 2, '2018-03-20 07:40:08', '2018-03-20 07:40:08'),
(97, 6, 'Alysa Rau', 'Repudiandae impedit et perspiciatis rem quia. Nisi voluptatem aliquid alias dolorem non aut voluptates. Vitae et aut odit veritatis recusandae.', 1, '2018-03-20 07:40:08', '2018-03-20 07:40:08'),
(98, 15, 'Doug Turner', 'Quo dolore eum ea fuga delectus nemo vel quo. Voluptatem laudantium consequatur ea autem pariatur odit autem quia. Nam earum sed ut natus laboriosam. Eos odio voluptatem voluptas accusantium. Quia blanditiis quos dolor in accusantium ut dolorem.', 0, '2018-03-20 07:40:08', '2018-03-20 07:40:08'),
(99, 49, 'Ludie Monahan', 'Asperiores voluptates et repellat blanditiis vero. Sint quia et nulla quae. Provident voluptas repellat aspernatur asperiores quisquam eos ab. Odio sit rerum quaerat sequi aut ut. Voluptatum et molestiae unde repellendus error consequatur.', 0, '2018-03-20 07:40:08', '2018-03-20 07:40:08'),
(100, 1, 'Dr. Hilbert Quitzon DDS', 'Sit molestiae voluptatem explicabo. Delectus veniam pariatur est et ipsa. Molestiae qui dolores quia eveniet.', 0, '2018-03-20 07:40:08', '2018-03-20 07:40:08'),
(101, 13, 'Dr. Mandy Koch DVM', 'Et est mollitia in aliquid alias iure et eius. Et laborum neque ipsa. Eum labore aliquam tempore placeat. Doloribus consequatur ut maiores eum sed magnam quos.', 1, '2018-03-20 07:40:08', '2018-03-20 07:40:08'),
(102, 17, 'Dr. Derek Keeling I', 'Doloribus et autem voluptatem eligendi molestias facilis omnis ex. In et sunt eveniet quo ducimus saepe. Sint error quia neque minus eveniet perferendis. Excepturi dignissimos est ipsam aut pariatur consequuntur molestiae.', 0, '2018-03-20 07:40:08', '2018-03-20 07:40:08'),
(103, 9, 'Eliseo Corwin V', 'Dolorem ad odit enim voluptate excepturi libero. Natus impedit iusto rerum quaerat quos quod qui ut. Non nemo et ad quidem ut repellendus a.', 2, '2018-03-20 07:40:08', '2018-03-20 07:40:08'),
(104, 25, 'Lila Bartell', 'Perspiciatis magni odio ut aliquam dolore ut debitis. Consequatur itaque quos sit quia. Dolor labore ipsam corporis ea iste. Cumque dolor facere aut eligendi quis.', 3, '2018-03-20 07:40:08', '2018-03-20 07:40:08'),
(105, 16, 'Jesus Boyle', 'Natus expedita est quos delectus in repellat. Accusamus at ea consectetur expedita nemo aliquam consequatur aut. Ab possimus nam illo minima delectus. Animi omnis tenetur inventore nisi ea.', 4, '2018-03-20 07:40:08', '2018-03-20 07:40:08'),
(106, 25, 'Dr. Marlon Auer Jr.', 'Ipsum molestiae sequi minus sed maxime facilis. Aliquam ut et minima ut et. Consequatur eveniet libero illum rerum beatae.', 1, '2018-03-20 07:40:08', '2018-03-20 07:40:08'),
(107, 46, 'Rosina McLaughlin', 'Voluptas ex velit quo quos voluptatum officia et distinctio. Ducimus accusantium vero consequatur iste officia labore accusantium perferendis. Vero eos cupiditate odio eos nam. Officiis voluptas autem ex a sed eos.', 5, '2018-03-20 07:40:08', '2018-03-20 07:40:08'),
(108, 47, 'Deja Cartwright', 'Voluptate debitis inventore reprehenderit similique eum numquam. Maxime omnis rerum quod nesciunt distinctio. Quidem aperiam voluptas porro aut perspiciatis rerum. Deserunt quia corrupti magnam odio sunt autem.', 1, '2018-03-20 07:40:08', '2018-03-20 07:40:08'),
(109, 44, 'Abdul Mueller', 'Vero fugit delectus consequuntur molestiae ullam atque eum. Et et dolore et. Fugit provident non doloribus ad quo quia. Aut quis vero aspernatur porro similique quaerat quos itaque.', 1, '2018-03-20 07:40:08', '2018-03-20 07:40:08'),
(110, 20, 'Tania Bashirian', 'Dolorum voluptatem rerum sit nemo inventore aut et. Totam doloremque inventore suscipit corrupti. Voluptatum omnis est velit et laborum. Ea ullam labore laudantium voluptas eos autem praesentium.', 3, '2018-03-20 07:40:08', '2018-03-20 07:40:08'),
(111, 35, 'Martina Dibbert', 'Amet aut consequatur ipsam nisi aut ipsum suscipit. Enim nobis aut labore voluptatem voluptas. Natus qui enim accusantium minima tenetur praesentium. Expedita sed vel possimus qui.', 2, '2018-03-20 07:40:08', '2018-03-20 07:40:08'),
(112, 8, 'Ima Block', 'Iure consequatur modi quia repellat et officiis. Sed voluptatum ducimus et consequatur. Doloremque illum accusamus officiis perspiciatis repellendus eius incidunt. Qui sapiente rerum dolore qui.', 2, '2018-03-20 07:40:08', '2018-03-20 07:40:08'),
(113, 33, 'Demario Collier', 'Excepturi voluptates quod iste illo amet incidunt voluptatum. Quaerat esse eos non dicta tempore earum voluptatem deserunt.', 3, '2018-03-20 07:40:08', '2018-03-20 07:40:08'),
(114, 1, 'Jakob Jerde', 'Non quis alias quis aut optio corporis beatae. Deleniti explicabo voluptatem nostrum earum.', 0, '2018-03-20 07:40:08', '2018-03-20 07:40:08'),
(115, 6, 'Prof. Curt Franecki', 'Molestiae quo placeat consequuntur veritatis nobis. Hic et accusamus dolor dignissimos exercitationem ex minus. Assumenda fuga accusantium cupiditate ut.', 1, '2018-03-20 07:40:08', '2018-03-20 07:40:08'),
(116, 31, 'Prof. Orin Senger', 'Velit et hic quia qui et. A eius aliquam porro sint. Illo quis quibusdam quaerat eos illum tempora est. Ut modi perspiciatis perspiciatis officia.', 3, '2018-03-20 07:40:08', '2018-03-20 07:40:08'),
(117, 37, 'Eliseo Mayert', 'Ipsum voluptatum rerum qui provident. Inventore asperiores dolores rerum asperiores natus. Et est et laboriosam voluptate. Quia consequatur officiis molestias sed consequatur quidem autem.', 0, '2018-03-20 07:40:08', '2018-03-20 07:40:08'),
(118, 38, 'Dr. Vaughn Krajcik', 'Quis qui et maxime fuga eum sunt. Quibusdam blanditiis qui corrupti dolorem molestiae. Repellendus sequi autem sed nam dignissimos quia.', 1, '2018-03-20 07:40:08', '2018-03-20 07:40:08'),
(119, 13, 'Zack Carter', 'Quia nihil libero itaque et sed et saepe. Porro dolorem molestias itaque quisquam iste. Molestiae tempore reprehenderit omnis molestias incidunt quasi. Beatae quis odio qui. Non sit sed quidem impedit natus veniam.', 3, '2018-03-20 07:40:09', '2018-03-20 07:40:09'),
(120, 29, 'Miss Ayana Brown PhD', 'Dolorem quo omnis autem explicabo unde ducimus ex. Autem magni aut harum optio qui ut sit. Ut perspiciatis sunt laborum aliquam perferendis. Maiores quia incidunt provident nam.', 1, '2018-03-20 07:40:09', '2018-03-20 07:40:09'),
(121, 49, 'Felicity Kertzmann', 'Rerum enim qui enim omnis aliquid iste nobis aut. Fuga ullam id cum aspernatur. Vel consequatur accusantium temporibus et perspiciatis. Quis non aut aut sint. Quia ut id officia.', 2, '2018-03-20 07:40:09', '2018-03-20 07:40:09'),
(122, 34, 'Walter Homenick Jr.', 'Omnis similique et voluptatem enim est laboriosam numquam. Vel voluptatum maiores tempore quis provident delectus harum. Dolorem et facilis occaecati placeat aliquid deserunt et. Ipsum quasi tempore blanditiis neque.', 0, '2018-03-20 07:40:09', '2018-03-20 07:40:09'),
(123, 10, 'Nelle DuBuque', 'Esse dolorum eos sunt sunt corrupti. Sunt eum quia dolor ducimus similique.', 2, '2018-03-20 07:40:09', '2018-03-20 07:40:09'),
(124, 11, 'Vincent Hickle', 'Consequatur asperiores non commodi ad asperiores. Dolore magnam in quaerat magni. Libero laboriosam consequatur aut perspiciatis. Ullam voluptate autem ad magni quia quo dolores.', 5, '2018-03-20 07:40:09', '2018-03-20 07:40:09'),
(125, 27, 'Dr. Colt Beer', 'Laudantium et aut et modi rem cumque. Voluptatum pariatur reprehenderit porro sequi nulla dolorem labore. Voluptatum molestiae autem dignissimos illum officiis.', 1, '2018-03-20 07:40:09', '2018-03-20 07:40:09'),
(126, 10, 'Arvel Abshire', 'Sit eveniet quaerat dolorem hic velit. Sit temporibus alias quia doloribus laudantium modi delectus. Et quod ut rerum eum dolores. Non non voluptatem non praesentium consequatur ex quia.', 4, '2018-03-20 07:40:09', '2018-03-20 07:40:09'),
(127, 15, 'Richmond Wyman', 'Et reprehenderit et aut quam voluptatibus numquam. Rerum aut culpa enim occaecati officia ut. Velit odio dolorem velit eos. Sed consequatur sit laudantium quaerat sit enim officiis temporibus.', 2, '2018-03-20 07:40:09', '2018-03-20 07:40:09'),
(128, 24, 'Natalie Wolf PhD', 'Consequatur mollitia eum dolores et. Dolorem veritatis labore provident vel odit. Deleniti voluptatem quis eum voluptatem. Illo soluta facilis quis quas cum atque.', 2, '2018-03-20 07:40:09', '2018-03-20 07:40:09'),
(129, 34, 'Yasmeen Rice', 'Temporibus voluptatibus praesentium commodi et. Odio est sit est deserunt beatae id.', 0, '2018-03-20 07:40:09', '2018-03-20 07:40:09'),
(130, 47, 'Mrs. Alvera Kub V', 'Est incidunt facere qui est ut et. Iure ut accusamus unde corporis. Placeat consequatur maxime enim dolores. Reprehenderit placeat placeat est.', 3, '2018-03-20 07:40:09', '2018-03-20 07:40:09'),
(131, 18, 'Miss Anne Goodwin', 'Vero perferendis repudiandae ut fuga porro aut voluptates. Necessitatibus ipsum nihil dolorum et. Ut error placeat repellat.', 4, '2018-03-20 07:40:09', '2018-03-20 07:40:09'),
(132, 9, 'Mrs. Sincere Grimes IV', 'Id aliquid porro minima ut natus. Ut assumenda distinctio quos nesciunt corporis recusandae eveniet aut. Ullam dolor est sapiente ut expedita sequi incidunt. Suscipit illo sunt accusamus iste.', 0, '2018-03-20 07:40:09', '2018-03-20 07:40:09'),
(133, 10, 'Jaylen Ebert', 'Id quas debitis libero quo alias. Voluptates enim ab veritatis perferendis. Est quia in vitae accusamus. Nisi veniam dolores inventore nam nobis blanditiis molestiae.', 2, '2018-03-20 07:40:09', '2018-03-20 07:40:09'),
(134, 27, 'Nicholaus Padberg', 'Dolorum et et assumenda expedita nesciunt. Saepe alias ut quas tenetur. Quo sunt voluptatem omnis molestias magni et.', 4, '2018-03-20 07:40:09', '2018-03-20 07:40:09'),
(135, 1, 'Tod Haley', 'Doloremque debitis voluptatibus exercitationem qui cupiditate tenetur et. Temporibus libero saepe maiores est ut facilis dolores velit. Quod porro minus dicta dicta labore accusamus aut a.', 2, '2018-03-20 07:40:09', '2018-03-20 07:40:09'),
(136, 40, 'Crystel Spinka', 'Ipsa rerum officiis blanditiis eos et et animi. Rerum aut ipsam quae eius. Mollitia sapiente qui reprehenderit.', 1, '2018-03-20 07:40:09', '2018-03-20 07:40:09'),
(137, 33, 'Myrl Ryan', 'Incidunt placeat dolores eaque possimus occaecati voluptate voluptatibus. Sit provident sed est perspiciatis expedita dicta. Tempore odit reiciendis provident amet magni.', 1, '2018-03-20 07:40:09', '2018-03-20 07:40:09'),
(138, 36, 'Alessia Connelly', 'Asperiores aliquam amet voluptas aut tempore. Dicta distinctio facere veniam quae dolorum nemo. Nobis voluptatibus dolore et dolorem sed aspernatur.', 1, '2018-03-20 07:40:09', '2018-03-20 07:40:09'),
(139, 18, 'Jeffry Hegmann', 'Veritatis nobis reprehenderit nesciunt excepturi. Eius dolore alias aut dolorum quia officia corrupti cupiditate. Sapiente cumque sed aut cupiditate voluptates repudiandae.', 0, '2018-03-20 07:40:09', '2018-03-20 07:40:09'),
(140, 21, 'Luna Weimann IV', 'Qui accusamus numquam aut culpa. Non soluta veritatis ut. Ea maxime velit mollitia qui eum delectus.', 0, '2018-03-20 07:40:09', '2018-03-20 07:40:09'),
(141, 31, 'June Flatley III', 'Et sit quae et commodi. Possimus et dolorem aperiam ad nihil in tempore nisi. Minima quae qui ex cum esse.', 3, '2018-03-20 07:40:09', '2018-03-20 07:40:09'),
(142, 1, 'Dr. Dalton Rice', 'Autem et consequatur recusandae ex nihil consectetur enim temporibus. Et veritatis tempora eos corrupti. Vel autem magnam ab qui.', 1, '2018-03-20 07:40:09', '2018-03-20 07:40:09'),
(143, 48, 'Wilfredo Kohler', 'Optio cum ut et dolorem vero deleniti. Rerum minus non facilis veniam quia. Distinctio quibusdam sit aspernatur nulla.', 5, '2018-03-20 07:40:09', '2018-03-20 07:40:09'),
(144, 29, 'Jerrod Fisher', 'Laborum aut quam et. Minus ullam ratione officia ea. Blanditiis dignissimos fugit perferendis. Atque aut delectus itaque modi. Atque suscipit ea explicabo voluptates et.', 0, '2018-03-20 07:40:09', '2018-03-20 07:40:09'),
(145, 35, 'Dorcas Williamson', 'Cumque molestias et ullam molestiae ab dignissimos labore. Tempore tenetur quisquam quis atque cupiditate.', 0, '2018-03-20 07:40:09', '2018-03-20 07:40:09'),
(146, 21, 'Louvenia Olson', 'Temporibus quidem quae et repudiandae. Provident iusto deserunt incidunt incidunt. Velit vel eius quos cum.', 0, '2018-03-20 07:40:10', '2018-03-20 07:40:10'),
(147, 50, 'Mr. Porter Doyle', 'Sed ad non nemo tenetur voluptatem reiciendis est. Et ut eligendi odio libero dolores. Est possimus ut quaerat id dolor blanditiis. Sit dignissimos eum ipsum et asperiores.', 3, '2018-03-20 07:40:10', '2018-03-20 07:40:10'),
(148, 27, 'Ruben Schultz', 'Nisi omnis omnis repellendus voluptatum. Aut provident voluptatem ipsa expedita. Provident eius ullam quas. Illo sequi ipsum expedita.', 3, '2018-03-20 07:40:10', '2018-03-20 07:40:10'),
(149, 11, 'Adolph Weber I', 'Exercitationem commodi voluptate velit et voluptatum sunt. Suscipit laudantium suscipit et in consectetur. Vitae fugiat quia nostrum ipsum ipsa expedita corporis.', 0, '2018-03-20 07:40:10', '2018-03-20 07:40:10'),
(150, 10, 'Casimir Roberts', 'Tenetur explicabo iure porro officiis voluptatem non voluptatum. Deserunt sequi odio sunt velit. Itaque a enim qui earum blanditiis aliquam. Perferendis facilis nihil quod veritatis.', 5, '2018-03-20 07:40:10', '2018-03-20 07:40:10'),
(151, 48, 'Prof. Elna Gusikowski DDS', 'Quod assumenda molestiae quaerat ad ut sed. Voluptate dolor quos sit quod eum voluptatibus. Unde magnam doloremque et exercitationem veniam. Officiis omnis consequatur possimus inventore dignissimos quos est.', 3, '2018-03-20 07:40:10', '2018-03-20 07:40:10'),
(152, 45, 'Oma Dietrich', 'Corporis sint ea dignissimos et atque distinctio quaerat. Vel aut deserunt voluptatem aliquid exercitationem et voluptatum. Quo aspernatur culpa repellendus eius tenetur. Commodi ut accusamus voluptatem dignissimos commodi ea.', 2, '2018-03-20 07:40:10', '2018-03-20 07:40:10'),
(153, 13, 'Mrs. Sonia Mante', 'Et deserunt at nihil aut. Quam doloribus culpa est esse. In sed et non cum unde. Officiis ut ad sint deleniti at at omnis autem.', 3, '2018-03-20 07:40:10', '2018-03-20 07:40:10'),
(154, 31, 'Prof. Gerard Bahringer DVM', 'Odit explicabo rerum tenetur totam. Quod blanditiis quia quisquam deserunt odit minima aperiam. Commodi autem est voluptatem officiis consectetur ut.', 0, '2018-03-20 07:40:10', '2018-03-20 07:40:10'),
(155, 47, 'Polly Monahan', 'Ea hic asperiores quod modi eius dolorum. Quas earum nisi iste et odit rerum. Et eligendi tempora illo est quis.', 2, '2018-03-20 07:40:10', '2018-03-20 07:40:10'),
(156, 40, 'Robyn Kub', 'Voluptas at quasi eum dolores odit ab et. Quasi ut sed ut voluptate dolore veniam recusandae. Aliquam unde quod animi sit. Accusantium omnis voluptatibus et nobis odit velit facilis. Vero labore quasi dolore voluptatem a.', 1, '2018-03-20 07:40:10', '2018-03-20 07:40:10'),
(157, 44, 'Bo Schmitt III', 'Qui dolorem qui iste qui saepe nesciunt sit. Nulla aut vero magnam. Non nihil amet qui enim accusantium et sed.', 4, '2018-03-20 07:40:10', '2018-03-20 07:40:10'),
(158, 29, 'Mrs. Carolina Howe', 'Aperiam alias sunt ut in blanditiis ex est nemo. Esse quo quaerat neque ullam nesciunt fuga. Sed et vitae quod labore amet dolor quam. Repellat nihil facere consequuntur expedita sequi.', 4, '2018-03-20 07:40:10', '2018-03-20 07:40:10'),
(159, 34, 'Aaliyah Russel', 'Facilis voluptate doloremque reprehenderit omnis saepe. Laudantium exercitationem sed alias vel facilis quis voluptatem. Soluta quis optio deleniti est cum minus suscipit qui. Ullam doloribus voluptatem officiis recusandae ut provident enim.', 2, '2018-03-20 07:40:10', '2018-03-20 07:40:10'),
(160, 50, 'Prof. Berneice Morar', 'Quos provident soluta ipsum voluptatem amet eveniet velit quos. Non sunt sed illo necessitatibus vel eaque officia. Numquam veniam ad voluptatem est. Voluptate et quia nihil quae quis dolore non deleniti. Eligendi voluptatem occaecati facere quas.', 3, '2018-03-20 07:40:10', '2018-03-20 07:40:10'),
(161, 22, 'Freida Stokes I', 'Rerum vitae qui quibusdam et commodi officiis. Sit enim dolore dicta dolorum. Recusandae tempore iure sit et. Iure rerum sed sed suscipit commodi vel alias.', 5, '2018-03-20 07:40:10', '2018-03-20 07:40:10'),
(162, 12, 'Madelyn Herman V', 'Ut quis et tenetur aut. Et nisi nostrum error dolores perferendis sit similique perspiciatis. Quisquam occaecati quis deserunt est. Natus quisquam accusamus et consequatur rerum et.', 1, '2018-03-20 07:40:10', '2018-03-20 07:40:10'),
(163, 27, 'Rhiannon Fisher', 'Quia sint cum id dicta dolores. Corrupti dignissimos laboriosam aut nam temporibus libero consequatur autem. Ipsum autem incidunt voluptatem occaecati quidem voluptatem aspernatur. Facere rerum aut enim voluptas.', 5, '2018-03-20 07:40:10', '2018-03-20 07:40:10'),
(164, 7, 'Ricky Nicolas', 'Aut officia eos rerum iste consectetur sit reiciendis rerum. Perferendis fugiat molestiae similique consequatur. Quaerat accusantium ratione hic occaecati modi id. Sunt consequatur ut cumque.', 4, '2018-03-20 07:40:10', '2018-03-20 07:40:10'),
(165, 25, 'Zetta Kerluke', 'At iure minus perferendis rem molestiae. Atque non molestiae aut et unde. Atque quod provident ipsum officiis officiis quod eius.', 3, '2018-03-20 07:40:10', '2018-03-20 07:40:10'),
(166, 7, 'Dock Smitham', 'Inventore iusto magni velit repudiandae explicabo. Neque expedita aliquid et quaerat omnis porro magnam delectus. Aperiam molestias molestiae dolores quod commodi ut voluptatem. Quas dolores rem est rerum ipsam.', 0, '2018-03-20 07:40:10', '2018-03-20 07:40:10'),
(167, 33, 'Murphy Gutmann DDS', 'Sit similique molestias magni cum. Dignissimos qui sunt enim. Dignissimos deserunt deleniti totam ullam. Occaecati qui velit et sequi optio tenetur.', 2, '2018-03-20 07:40:10', '2018-03-20 07:40:10'),
(168, 36, 'Jaycee Parker', 'Rerum nesciunt quia impedit rerum perspiciatis ducimus. A excepturi culpa at corporis labore dolore. Quia quidem tenetur soluta itaque minima aut odio.', 5, '2018-03-20 07:40:10', '2018-03-20 07:40:10'),
(169, 26, 'Dr. Kory Stamm', 'Qui quas provident dolore odit omnis repellat. Quod omnis corrupti ratione incidunt architecto quo. Esse iure voluptatem et corporis minima et.', 1, '2018-03-20 07:40:10', '2018-03-20 07:40:10'),
(170, 17, 'Mitchell Stracke Jr.', 'Optio soluta consectetur tempore veritatis quidem quisquam sed. Voluptatem ratione dolorum magni vitae ea ea. Debitis cum rerum iure quam ipsum. Blanditiis dolorem cum et quo ea omnis aliquam.', 2, '2018-03-20 07:40:10', '2018-03-20 07:40:10'),
(171, 7, 'Aidan Lockman', 'Non blanditiis consequuntur totam aut. Sequi beatae praesentium dolorum praesentium voluptas magnam corporis. Nam ratione magni quia laudantium culpa voluptas.', 0, '2018-03-20 07:40:10', '2018-03-20 07:40:10'),
(172, 12, 'Cletus Lowe', 'Officia eius optio in et aspernatur. Commodi cumque dolorem tenetur deleniti voluptatem. Repellendus voluptas perferendis vel ut ut et. Temporibus aut repellendus sed voluptates.', 0, '2018-03-20 07:40:10', '2018-03-20 07:40:10'),
(173, 3, 'Dion Hilpert', 'Non eum quos maiores aliquid. Numquam enim natus cumque incidunt eius cum molestiae. Consequatur et nam earum.', 4, '2018-03-20 07:40:10', '2018-03-20 07:40:10'),
(174, 14, 'Bertram Cormier', 'Dolorum ea neque officiis enim. Eos nesciunt quasi sed quasi qui. Rerum accusantium aut eum voluptas aliquid est odit. Molestiae rerum incidunt ut voluptas facere.', 0, '2018-03-20 07:40:10', '2018-03-20 07:40:10'),
(175, 3, 'Jakayla Hamill', 'Sed minima neque optio aut et enim ipsam incidunt. Placeat nostrum dolor ut repellat sed. Nihil quae vitae velit rerum aut ipsum. Cum qui debitis nulla et ex.', 0, '2018-03-20 07:40:10', '2018-03-20 07:40:10'),
(176, 47, 'Kirk Lowe', 'Ipsa deserunt qui totam perferendis. Inventore occaecati ut a ab ratione minus autem. Quidem ut perferendis voluptatem molestiae ut ducimus.', 5, '2018-03-20 07:40:10', '2018-03-20 07:40:10'),
(177, 47, 'Mr. Raleigh Rau PhD', 'Non rerum sed soluta aliquam. Temporibus sapiente et hic. Impedit ipsa earum numquam unde soluta sed fuga. Nostrum sed ullam facilis nulla animi.', 2, '2018-03-20 07:40:11', '2018-03-20 07:40:11'),
(178, 16, 'Miss Alyce Keeling IV', 'Fuga accusamus alias molestiae laudantium. Quo in provident distinctio et quia sint possimus. Et optio omnis tenetur assumenda laboriosam voluptate culpa nihil.', 1, '2018-03-20 07:40:11', '2018-03-20 07:40:11'),
(179, 50, 'Prof. Sasha Parisian DVM', 'Fugiat est veritatis eligendi quis quam. Veritatis quia minima veritatis facere assumenda quod ducimus. Iusto vel iusto hic similique sed.', 0, '2018-03-20 07:40:11', '2018-03-20 07:40:11'),
(180, 16, 'Serena Krajcik', 'Omnis molestias sunt nemo voluptates quidem perferendis. Voluptatem magni est harum illo. Facilis officia eos iste et omnis eos ut. Corrupti maiores omnis possimus.', 0, '2018-03-20 07:40:11', '2018-03-20 07:40:11'),
(181, 29, 'Mr. Landen Daugherty II', 'Doloremque possimus aut in facilis. Non aperiam ad vel iusto ullam. Fuga at id recusandae tenetur quas et eveniet.', 5, '2018-03-20 07:40:11', '2018-03-20 07:40:11'),
(182, 41, 'Sven Schoen', 'Accusantium aspernatur rem molestias aut est voluptas a. Expedita molestiae voluptatum ad maxime impedit saepe voluptas quam. Cumque explicabo ipsam fugit laborum quo porro. Deleniti tempore officiis ea debitis qui temporibus. Voluptates sint minus ut deleniti qui porro.', 0, '2018-03-20 07:40:11', '2018-03-20 07:40:11'),
(183, 31, 'Abner Reinger', 'Ipsam molestiae et occaecati autem expedita. Error veritatis consequuntur distinctio quam molestiae aspernatur. Voluptas porro quam dolore dignissimos vel enim.', 0, '2018-03-20 07:40:11', '2018-03-20 07:40:11'),
(184, 5, 'Joel Schroeder', 'Consequatur commodi assumenda et hic dignissimos. Enim perspiciatis expedita sed error sed enim consequatur. Corporis laudantium sint cumque quo qui ea tenetur quam.', 1, '2018-03-20 07:40:11', '2018-03-20 07:40:11'),
(185, 19, 'Madelynn Ankunding Sr.', 'Eum officia voluptas sed adipisci soluta explicabo. Minima est dolorum eligendi. A qui necessitatibus sit molestiae soluta assumenda.', 2, '2018-03-20 07:40:11', '2018-03-20 07:40:11'),
(186, 31, 'Pink Emard', 'Ipsum et dignissimos temporibus ipsum nulla consequuntur. Nesciunt mollitia commodi veniam voluptas omnis eius. Quos vero quis voluptas nam corrupti. Nemo magnam optio recusandae delectus esse hic molestias mollitia.', 1, '2018-03-20 07:40:11', '2018-03-20 07:40:11'),
(187, 7, 'Gideon Schuppe', 'Explicabo et possimus nam et temporibus. Quis dolorem esse explicabo temporibus. Aperiam consequatur ut deserunt est quo modi repellat. Sequi itaque ut animi maxime mollitia commodi natus earum.', 1, '2018-03-20 07:40:11', '2018-03-20 07:40:11'),
(188, 8, 'Mr. Arthur Kuhic PhD', 'Et aspernatur molestiae voluptas vel natus nostrum et. Fugit aliquid et odit nesciunt consequatur. Ratione odio repellendus dignissimos in. Fugit assumenda molestiae autem optio tenetur vero rerum.', 0, '2018-03-20 07:40:11', '2018-03-20 07:40:11'),
(189, 16, 'Llewellyn Schultz DDS', 'Minus totam error doloribus omnis repellat culpa non. Id a error quaerat numquam. Impedit velit rem non pariatur odit. Voluptas consequatur alias aut quo. Beatae eum porro quia quia beatae.', 0, '2018-03-20 07:40:11', '2018-03-20 07:40:11'),
(190, 12, 'Ms. Kallie Smitham', 'Molestiae quibusdam eius omnis ea. Quibusdam aliquid iure quia et saepe. Corrupti odit voluptate repellendus nesciunt odio aut omnis enim.', 1, '2018-03-20 07:40:11', '2018-03-20 07:40:11'),
(191, 9, 'Joaquin Stamm', 'Optio perferendis nisi cupiditate quaerat ea dolor culpa. Similique magnam et est magnam. Id consequuntur voluptatem molestias. Libero iusto debitis et qui cupiditate.', 5, '2018-03-20 07:40:11', '2018-03-20 07:40:11'),
(192, 9, 'Colton Beatty', 'Omnis natus quod temporibus porro sit. Numquam ea est sed repudiandae iure. Minus est sit ab.', 3, '2018-03-20 07:40:11', '2018-03-20 07:40:11'),
(193, 23, 'Gracie Runolfsdottir I', 'Perferendis neque ipsam nam. Omnis a illo qui voluptatibus distinctio inventore provident. At aut ex architecto. Delectus aut inventore mollitia qui ut.', 4, '2018-03-20 07:40:11', '2018-03-20 07:40:11'),
(194, 40, 'Prof. Keith Watsica PhD', 'Sit laboriosam blanditiis ut qui odit. Sit est hic enim dolor sit. Ratione nemo distinctio saepe similique sed est ex ut. Quia est dolore dolore sit voluptate sed.', 0, '2018-03-20 07:40:11', '2018-03-20 07:40:11'),
(195, 32, 'Zakary Howe I', 'Est dolores quasi at a molestiae consectetur amet. Illum animi voluptate nihil dolores explicabo.', 1, '2018-03-20 07:40:11', '2018-03-20 07:40:11'),
(196, 37, 'Claudine Orn', 'Perspiciatis enim aut qui ut atque sint animi. Minus qui doloribus et eius qui dolor. Odio qui aut quibusdam sed.', 0, '2018-03-20 07:40:11', '2018-03-20 07:40:11'),
(197, 39, 'Jade Lakin', 'Dolor non delectus alias. Magni at eos tempore consequuntur voluptate suscipit odio sequi. Quo illo maxime nihil eligendi. Sequi pariatur officiis et voluptates et.', 3, '2018-03-20 07:40:11', '2018-03-20 07:40:11'),
(198, 50, 'Laney Gleason', 'Dolor eos sed praesentium possimus. Officiis unde reiciendis esse repudiandae tempore. Illo ipsa et occaecati ea molestias.', 0, '2018-03-20 07:40:11', '2018-03-20 07:40:11'),
(199, 32, 'Florian Kiehn', 'Vel voluptatum dicta neque repellat similique vero ut. Doloribus et delectus odio modi voluptate. Illo voluptate soluta fugit quidem. Ipsum ipsa ut sint impedit.', 5, '2018-03-20 07:40:11', '2018-03-20 07:40:11'),
(200, 5, 'Laurel Nader I', 'Sit aut pariatur magnam temporibus. Itaque consequuntur sint ad qui et. Qui quia aut tenetur et voluptatum quidem.', 2, '2018-03-20 07:40:11', '2018-03-20 07:40:11'),
(201, 27, 'Oren Wunsch', 'Perspiciatis voluptatum aut iste error assumenda consectetur totam aut. Minus sit autem atque dolores. Quasi velit et accusantium earum placeat.', 5, '2018-03-20 07:40:11', '2018-03-20 07:40:11'),
(202, 5, 'Dr. Lazaro Raynor V', 'Nulla velit maxime optio perferendis eum vel consectetur. Fuga et excepturi vitae enim molestiae. Recusandae ad inventore sed omnis consequuntur qui sed. Aliquam voluptates occaecati tempora beatae autem sunt eveniet qui.', 4, '2018-03-20 07:40:12', '2018-03-20 07:40:12'),
(203, 41, 'Timothy Jenkins', 'Nihil consequatur tempore mollitia iure est. Ut nemo unde consequuntur velit incidunt omnis itaque. Voluptatem molestias qui temporibus.', 1, '2018-03-20 07:40:12', '2018-03-20 07:40:12'),
(204, 28, 'Lemuel Rempel', 'Et rerum autem sint est aut. Velit blanditiis aut cumque necessitatibus est.', 4, '2018-03-20 07:40:12', '2018-03-20 07:40:12'),
(205, 33, 'Camylle Kuvalis', 'Saepe et et cum repudiandae rerum. Earum excepturi autem et minima quia aut. Delectus quibusdam officiis non libero nulla ut. Molestias libero amet ut qui eligendi.', 2, '2018-03-20 07:40:12', '2018-03-20 07:40:12'),
(206, 17, 'Herminia Swift', 'Omnis sed suscipit voluptatibus. Illo labore nobis aspernatur harum libero eveniet. Perferendis quia aut necessitatibus qui et sunt.', 1, '2018-03-20 07:40:12', '2018-03-20 07:40:12'),
(207, 12, 'Ray Weissnat V', 'Fuga dolorum voluptatem accusantium dolorum non quia. Hic recusandae cumque facilis sed sunt non. Maiores blanditiis et adipisci necessitatibus non nesciunt voluptatem.', 2, '2018-03-20 07:40:12', '2018-03-20 07:40:12');
INSERT INTO `reviews` (`id`, `product_id`, `customer`, `review`, `star`, `created_at`, `updated_at`) VALUES
(208, 7, 'Jared Krajcik', 'Excepturi vel tempora libero laudantium rerum quas. Molestiae ex dolores aliquam autem. Sit distinctio deleniti doloremque asperiores. Tenetur expedita iste sunt cum maxime. Autem quas saepe voluptatem quaerat quia dolores.', 4, '2018-03-20 07:40:12', '2018-03-20 07:40:12'),
(209, 18, 'Dr. Einar Konopelski', 'Sunt delectus molestiae dolorem et nostrum. Perferendis mollitia autem et illo placeat aliquam. Rerum vero neque saepe cum inventore.', 0, '2018-03-20 07:40:12', '2018-03-20 07:40:12'),
(210, 12, 'Florencio Tillman II', 'Laudantium est eum voluptatem aliquid velit. Autem optio ipsam quisquam. Omnis odio unde exercitationem commodi repellat.', 4, '2018-03-20 07:40:12', '2018-03-20 07:40:12'),
(211, 49, 'Ismael Dooley', 'Ut itaque deserunt veritatis illum ipsa quis et. Quod qui et dolorum minus pariatur. Aliquam dolor autem quam vel omnis. Cumque eius ea qui facere et.', 4, '2018-03-20 07:40:12', '2018-03-20 07:40:12'),
(212, 27, 'Prof. Sasha Marvin PhD', 'Sit reiciendis omnis possimus nobis et. Quo excepturi aut non ab deserunt odio eaque. Nemo illo tempora eveniet voluptatem sit. Qui dolores enim fuga aut.', 5, '2018-03-20 07:40:12', '2018-03-20 07:40:12'),
(213, 48, 'Albina Powlowski', 'Eveniet iure sint dolore quo minima. Ut accusamus dolorum nisi molestiae exercitationem. Fugiat ducimus nam autem alias aspernatur voluptas sed id.', 0, '2018-03-20 07:40:12', '2018-03-20 07:40:12'),
(214, 16, 'Selina Lesch DVM', 'Maiores minus neque aut provident quia illo. Voluptas earum eveniet ipsum iure. Laborum et aliquid magnam repellat impedit esse et. Quis et ipsa magni rerum nesciunt.', 1, '2018-03-20 07:40:12', '2018-03-20 07:40:12'),
(215, 42, 'Dr. Cole Okuneva', 'Sit sapiente molestiae quod mollitia eos magnam harum ea. Harum qui in possimus veniam ducimus. Amet est recusandae qui iste ex et blanditiis. Voluptates occaecati sunt dolorem illum dolorum illum aut.', 0, '2018-03-20 07:40:12', '2018-03-20 07:40:12'),
(216, 4, 'Myrtie Will', 'Minus autem quod aspernatur rerum quia itaque. Rerum placeat consequatur aut rerum est et est. Qui praesentium ut nihil officiis consequatur. Cumque impedit cum sed soluta aliquid soluta.', 5, '2018-03-20 07:40:12', '2018-03-20 07:40:12'),
(217, 39, 'Dr. Britney Balistreri', 'Tempore aut porro id dolore aperiam nihil. Commodi aut inventore exercitationem quisquam provident libero harum et. Asperiores eos nihil quas animi.', 3, '2018-03-20 07:40:12', '2018-03-20 07:40:12'),
(218, 25, 'Stanton Homenick', 'Vero a odit sunt consequuntur. Provident et sit quia eius iure unde. Et qui corporis et commodi. Error voluptatem et doloremque voluptatem ut id.', 3, '2018-03-20 07:40:12', '2018-03-20 07:40:12'),
(219, 12, 'Dr. Noelia McClure', 'Ad sint aliquid ipsa mollitia molestiae. Quia voluptates excepturi hic. Non qui porro velit enim aspernatur quia. Commodi provident eos assumenda sed.', 3, '2018-03-20 07:40:12', '2018-03-20 07:40:12'),
(220, 42, 'Opal Smitham DVM', 'Vitae eius enim ea non alias. Ut magni quod itaque voluptate asperiores. Sed dolorum eum qui nulla et nemo. Omnis et vel voluptatem repudiandae natus.', 5, '2018-03-20 07:40:12', '2018-03-20 07:40:12'),
(221, 19, 'Dr. Ardith Schaden II', 'Minus et consequuntur tempore. Voluptatem velit nulla eos quis dolor expedita reiciendis.', 2, '2018-03-20 07:40:12', '2018-03-20 07:40:12'),
(222, 18, 'Jessyca Pouros', 'Vel dicta voluptas reiciendis qui aperiam. Praesentium recusandae eos ipsa molestias ullam. Itaque eum illum dolorem et atque qui quis neque.', 2, '2018-03-20 07:40:12', '2018-03-20 07:40:12'),
(223, 48, 'Lucius Hahn', 'Vero cupiditate voluptas porro fuga. Voluptatum aut dolorem voluptatem est ab similique. Perspiciatis et deserunt repellat atque illum praesentium sint. Ipsam id facilis sint sed.', 1, '2018-03-20 07:40:12', '2018-03-20 07:40:12'),
(224, 14, 'Miss Catharine Maggio', 'Corporis officiis qui dolores ex nobis nihil blanditiis. Aut et neque vel eos vitae repellat et unde. Ut deleniti nobis debitis aspernatur asperiores animi quam. Sit accusantium et et dolores in et dicta.', 1, '2018-03-20 07:40:12', '2018-03-20 07:40:12'),
(225, 40, 'Aniyah Prohaska', 'Non ullam assumenda sed nisi nobis repellat. Quos nemo fugiat temporibus quia. Non quo saepe voluptatem aliquid ullam quos. Vero omnis quaerat at pariatur tempora.', 1, '2018-03-20 07:40:12', '2018-03-20 07:40:12'),
(226, 17, 'Mrs. Alisa Trantow Jr.', 'Consequatur temporibus quis rem asperiores. Deleniti voluptatem sunt dolor consequuntur voluptatem. Ullam voluptatem quibusdam sit dolor occaecati rerum rerum perferendis. Incidunt eos hic et. Aliquam aut reprehenderit possimus vitae placeat in qui.', 4, '2018-03-20 07:40:12', '2018-03-20 07:40:12'),
(227, 14, 'Ms. Ozella Thiel PhD', 'Nam aut similique eum et. Esse saepe debitis aperiam facilis voluptate. Explicabo quia laborum molestias praesentium quos aliquam.', 3, '2018-03-20 07:40:12', '2018-03-20 07:40:12'),
(228, 21, 'Holden Hudson', 'Dolor rerum nobis sunt quas unde sit. Et facere quia aut quas exercitationem at. Et aperiam eligendi odio ducimus. Autem quia corrupti voluptates ab.', 3, '2018-03-20 07:40:12', '2018-03-20 07:40:12'),
(229, 25, 'Gilda Feest', 'Tenetur quam enim consequatur. Quo eaque magni consectetur inventore qui qui. Ducimus tenetur consequuntur sapiente eos magnam et saepe. Est excepturi velit recusandae magnam sit.', 0, '2018-03-20 07:40:13', '2018-03-20 07:40:13'),
(230, 21, 'Mrs. Melba Casper DVM', 'Quisquam consectetur molestiae quibusdam et. Blanditiis quas labore ad et iusto. Consequatur similique pariatur maxime possimus.', 5, '2018-03-20 07:40:13', '2018-03-20 07:40:13'),
(231, 18, 'Mr. Jarvis Lueilwitz III', 'Ex autem et eos ea voluptatem ut enim. Aut impedit distinctio est consequatur.', 3, '2018-03-20 07:40:13', '2018-03-20 07:40:13'),
(232, 39, 'Duncan Kulas', 'Ut nihil molestias explicabo excepturi. Molestiae iure sint molestias ipsa totam. Vel soluta unde velit sunt voluptates praesentium quidem. Voluptatem architecto cupiditate et repellendus.', 3, '2018-03-20 07:40:13', '2018-03-20 07:40:13'),
(233, 7, 'Ahmad Wolf', 'Fugit libero est est odit et. Voluptas deserunt ut nostrum.', 2, '2018-03-20 07:40:13', '2018-03-20 07:40:13'),
(234, 15, 'Eulah Schaefer Sr.', 'Consequatur dolores corrupti suscipit natus doloribus. Unde excepturi totam quae dolore perferendis sunt. Fugiat est porro incidunt dolorem magni sed dolores.', 4, '2018-03-20 07:40:13', '2018-03-20 07:40:13'),
(235, 33, 'Daniela Reichert', 'Et at sit accusamus aut aperiam sapiente exercitationem. Deleniti nisi vitae quos excepturi ut similique. Quos quis repellat in mollitia veniam et. Quia sit illum suscipit id omnis autem qui.', 2, '2018-03-20 07:40:13', '2018-03-20 07:40:13'),
(236, 27, 'Tyree Torp', 'Et odio in voluptate quas. Vel dicta natus assumenda accusantium ipsam accusantium vero. Ad quisquam aut ratione maiores atque. Quasi aliquid eos sit similique excepturi unde.', 2, '2018-03-20 07:40:13', '2018-03-20 07:40:13'),
(237, 49, 'Vernon Toy', 'Optio vel laborum totam nam ut. Tempora commodi ut deserunt iure quos commodi delectus pariatur. Eligendi nemo cupiditate quod necessitatibus.', 4, '2018-03-20 07:40:13', '2018-03-20 07:40:13'),
(238, 19, 'Mr. Jeremie Pfeffer', 'Esse ab recusandae in odit assumenda. Alias maxime magnam blanditiis nesciunt sunt facere omnis. Qui velit neque commodi soluta illum. Delectus a maxime minus occaecati voluptatibus ut.', 3, '2018-03-20 07:40:13', '2018-03-20 07:40:13'),
(239, 24, 'Orrin Leannon', 'Quos qui ut ducimus provident. Temporibus nesciunt aliquid eius aliquam aut possimus adipisci.', 1, '2018-03-20 07:40:13', '2018-03-20 07:40:13'),
(240, 3, 'Ocie Beahan', 'Et mollitia inventore molestiae repellat dolor ea in. Eveniet delectus rem ut nihil. Dolore sed minima rerum.', 4, '2018-03-20 07:40:13', '2018-03-20 07:40:13'),
(241, 21, 'Prof. Layla Cremin', 'Et aut et illo aut suscipit provident aspernatur sit. Ea repellat veritatis sed accusamus sunt. Quae ex fugit et. Nostrum et quae architecto maxime expedita expedita voluptatem.', 5, '2018-03-20 07:40:13', '2018-03-20 07:40:13'),
(242, 15, 'Samson Kozey IV', 'Et sit expedita minus expedita consequuntur voluptatibus ratione nesciunt. Quaerat accusamus voluptatibus est aut maiores ea. In ut mollitia ipsam recusandae distinctio est ut.', 3, '2018-03-20 07:40:13', '2018-03-20 07:40:13'),
(243, 47, 'Prof. Leone Berge III', 'Sed voluptate quis est fugit nesciunt. Molestiae ut voluptas iusto maiores nihil dolore. Aut odit amet magnam sapiente mollitia.', 0, '2018-03-20 07:40:13', '2018-03-20 07:40:13'),
(244, 7, 'Graciela Friesen', 'Eum architecto eveniet provident recusandae. Et dicta quis veniam velit repudiandae rerum ut. Ab doloremque illo dolor.', 3, '2018-03-20 07:40:13', '2018-03-20 07:40:13'),
(245, 30, 'Jonatan Gleason', 'Sit temporibus ea quia placeat vel. Ea dolor aut debitis voluptas commodi officia. Quia totam ipsam dolore enim expedita doloribus ad enim.', 3, '2018-03-20 07:40:13', '2018-03-20 07:40:13'),
(246, 35, 'Maxime Davis', 'Nobis id maxime veritatis eveniet maxime. Laudantium repudiandae dolore necessitatibus similique eveniet rem. Aliquam ut saepe atque molestias esse possimus vitae. Dolorem enim non molestiae molestiae expedita rerum.', 1, '2018-03-20 07:40:13', '2018-03-20 07:40:13'),
(247, 1, 'Dr. Claude Trantow', 'A nobis sit eos reiciendis est aperiam et ducimus. Itaque qui vero consequuntur harum iusto ad vel.', 1, '2018-03-20 07:40:13', '2018-03-20 07:40:13'),
(248, 48, 'Delta Stiedemann', 'Minima dolorum quam aut quis inventore accusantium placeat quia. Facere sit voluptas quisquam velit sunt ut aut. Quidem facilis ipsa quae dignissimos ratione veritatis omnis facere. Officiis libero voluptas commodi dignissimos. Aut sequi sed non et.', 3, '2018-03-20 07:40:13', '2018-03-20 07:40:13'),
(249, 42, 'Danika Kunze', 'Deleniti molestiae et quia cupiditate nesciunt. Ut omnis aliquam cumque. Illo dolores quisquam neque illum quia omnis.', 3, '2018-03-20 07:40:13', '2018-03-20 07:40:13'),
(250, 7, 'Prof. Marques Dare III', 'Ut neque vitae doloribus totam maiores. Qui libero molestiae id nulla non soluta autem. Et odio delectus dolores itaque rerum voluptas. Fugiat quaerat aperiam ab quo natus.', 4, '2018-03-20 07:40:13', '2018-03-20 07:40:13'),
(251, 26, 'Georgette Borer', 'Debitis quis consequatur ut vero et maxime. Qui omnis et cum nihil. Velit quam repellat ratione tempora mollitia. Ut corrupti numquam et qui molestias in. Et soluta autem minima voluptas ex impedit harum.', 4, '2018-03-20 07:40:13', '2018-03-20 07:40:13'),
(252, 35, 'Lily Murazik', 'Dolor odio laudantium laboriosam voluptatem blanditiis laboriosam vel. Accusamus ea sapiente vel est voluptatem. Et architecto similique odit aut in aliquam.', 4, '2018-03-20 07:40:13', '2018-03-20 07:40:13'),
(253, 37, 'Erick Conn Jr.', 'Sunt sapiente natus facere laboriosam. Ratione quaerat enim et et ipsa. Velit dolorem fugit et saepe voluptas est sint soluta. Autem vel numquam est qui ut quia repellat.', 0, '2018-03-20 07:40:13', '2018-03-20 07:40:13'),
(254, 14, 'Ms. Corine Lockman V', 'Beatae ipsam odio eum autem. Sunt consequatur doloremque ratione qui labore quibusdam. Esse facere adipisci consequatur. Quia dolorem porro consequuntur consequatur inventore reprehenderit ab non.', 1, '2018-03-20 07:40:13', '2018-03-20 07:40:13'),
(255, 20, 'Trenton Keeling II', 'Eos nesciunt voluptatem sit incidunt illo commodi. Labore cupiditate sapiente cupiditate est praesentium perferendis. Molestiae esse et rerum facilis molestiae officia.', 2, '2018-03-20 07:40:13', '2018-03-20 07:40:13'),
(256, 34, 'Gabrielle Christiansen MD', 'Quia cupiditate dolore ut perferendis dolores quisquam. Et illo sint vitae atque minus natus.', 4, '2018-03-20 07:40:13', '2018-03-20 07:40:13'),
(257, 42, 'Dr. Juana Will', 'Incidunt dolore odit molestiae et ducimus. Itaque mollitia architecto quod aut et quis mollitia. Corporis officiis aut quaerat dolor laudantium. Cum voluptas ducimus deserunt quas ratione.', 3, '2018-03-20 07:40:13', '2018-03-20 07:40:13'),
(258, 9, 'Dr. Myrtle Gulgowski DVM', 'Molestias ut expedita rerum inventore. Nostrum accusamus rerum aut. Ut doloribus accusantium enim fuga qui alias illo.', 5, '2018-03-20 07:40:13', '2018-03-20 07:40:13'),
(259, 44, 'Amos Kertzmann', 'Eaque quis officia neque ut. Commodi ex delectus repellendus perferendis. Rem laborum consectetur et at.', 5, '2018-03-20 07:40:13', '2018-03-20 07:40:13'),
(260, 32, 'Prof. Bryon Bogisich', 'Eos facilis sint expedita omnis omnis ab. Non magni voluptate facilis commodi culpa. Aut nihil dolorem qui eius sunt.', 2, '2018-03-20 07:40:13', '2018-03-20 07:40:13'),
(261, 12, 'Leo Walker', 'Harum eaque inventore sit expedita. Necessitatibus eum et quis laudantium veritatis ipsa et minima. Enim eum ducimus hic temporibus eaque accusamus. Non laborum sed et quidem. Sed assumenda et facere nisi ex numquam illo.', 4, '2018-03-20 07:40:13', '2018-03-20 07:40:13'),
(262, 43, 'Lloyd Ruecker', 'Atque voluptatum qui perspiciatis aut quis facere pariatur. Similique facere ex eos velit. Eum similique est ad dignissimos labore. Reiciendis similique voluptatibus doloribus esse non sunt.', 5, '2018-03-20 07:40:13', '2018-03-20 07:40:13'),
(263, 43, 'Keven Mante', 'In vitae consequatur nihil dolorem. Enim quo voluptatem voluptate ut dolores. Maxime rem quam autem fugit. Dolore eveniet nam qui dicta facere. Laboriosam ut ut quis quam enim.', 3, '2018-03-20 07:40:14', '2018-03-20 07:40:14'),
(264, 38, 'Roger Rippin', 'Sint aliquid alias minima asperiores aperiam quae porro. Tenetur explicabo nisi alias perspiciatis. Minima est aut et ea qui adipisci.', 3, '2018-03-20 07:40:14', '2018-03-20 07:40:14'),
(265, 11, 'Marley Wuckert', 'Velit natus maiores qui nostrum esse iusto similique. Alias expedita autem sunt nemo odio eos.', 0, '2018-03-20 07:40:14', '2018-03-20 07:40:14'),
(266, 42, 'Judah Konopelski', 'Similique aut magnam officiis quas quia. Omnis ut repellendus culpa nostrum iure tenetur vel. Veritatis quod corporis itaque. Aut minus veniam eos.', 3, '2018-03-20 07:40:14', '2018-03-20 07:40:14'),
(267, 40, 'Prof. Baby Breitenberg', 'Explicabo temporibus totam aut ipsam provident magnam. Labore molestiae molestias odio nulla. Quod consequatur quasi deserunt illum.', 1, '2018-03-20 07:40:14', '2018-03-20 07:40:14'),
(268, 35, 'Pink Wunsch', 'Aut maiores ut quasi est. Molestiae sit debitis itaque eligendi nesciunt sed et. Dolores voluptatem voluptates et consequuntur est occaecati.', 1, '2018-03-20 07:40:14', '2018-03-20 07:40:14'),
(269, 4, 'Alvera Corwin I', 'Molestias dolorum officia fugit tenetur. Ut atque ipsum tenetur nesciunt et commodi. Nam eius dolores eum quod consequatur.', 4, '2018-03-20 07:40:14', '2018-03-20 07:40:14'),
(270, 30, 'Lennie Stamm', 'Asperiores eos libero asperiores vitae aut. Animi saepe vitae corrupti harum. Placeat odio quia maiores rerum.', 2, '2018-03-20 07:40:14', '2018-03-20 07:40:14'),
(271, 30, 'Mr. Oliver Medhurst', 'Tempora optio ut molestiae placeat quia saepe modi. Voluptate corrupti veniam aliquam dolorum. Enim dolores est qui tempore eos voluptas saepe.', 3, '2018-03-20 07:40:14', '2018-03-20 07:40:14'),
(272, 43, 'Payton Heidenreich', 'Cupiditate ea et nihil id est dolore. Et quia dolore voluptatem sit blanditiis. Nisi perferendis ipsum in ipsam molestiae quod.', 2, '2018-03-20 07:40:14', '2018-03-20 07:40:14'),
(273, 40, 'Woodrow Kirlin', 'A cum nisi eius illum incidunt. Rerum laborum voluptatem corporis distinctio. Hic aut asperiores in sit necessitatibus. Et ipsam eaque quasi sit.', 5, '2018-03-20 07:40:14', '2018-03-20 07:40:14'),
(274, 25, 'Marcelina Schowalter', 'Eveniet totam laborum culpa beatae sint ducimus. Recusandae est voluptatem ut iste quo quo. Ut vitae quisquam minus eaque. Repudiandae quidem rerum harum aspernatur suscipit.', 2, '2018-03-20 07:40:14', '2018-03-20 07:40:14'),
(275, 2, 'Stephan Stanton', 'Fugit voluptatem saepe debitis temporibus iste omnis velit. Corrupti voluptas qui illum vitae est. Quo esse placeat consequatur consectetur a iste dolore. Reprehenderit soluta minus ipsum repellat soluta error officiis. Sapiente accusamus nam et earum veniam.', 1, '2018-03-20 07:40:14', '2018-03-20 07:40:14'),
(276, 36, 'Kenyon Cremin', 'Incidunt sapiente accusamus consectetur reprehenderit animi placeat. Aliquam aspernatur mollitia laudantium placeat aliquam. Velit hic voluptatibus doloremque in. Repudiandae ipsa eos animi minus.', 5, '2018-03-20 07:40:14', '2018-03-20 07:40:14'),
(277, 46, 'Kay Wuckert', 'Eveniet libero aperiam tempore cumque voluptatibus ut. Qui vel qui beatae ut ullam ullam. Quibusdam et eum in assumenda aspernatur. Nihil corrupti aut quis sunt ut.', 4, '2018-03-20 07:40:14', '2018-03-20 07:40:14'),
(278, 10, 'Ara Lubowitz', 'Ex et architecto consectetur quisquam et officia. Nemo et esse aut ut unde. Inventore quia eos saepe debitis.', 3, '2018-03-20 07:40:14', '2018-03-20 07:40:14'),
(279, 20, 'Mrs. Miracle Jacobs V', 'Aperiam et quas eligendi laboriosam quia voluptas sit. Omnis cumque possimus nihil. Reiciendis excepturi suscipit excepturi amet qui. Atque rerum quisquam provident eaque qui.', 2, '2018-03-20 07:40:14', '2018-03-20 07:40:14'),
(280, 27, 'Karl Hansen Jr.', 'Sint pariatur et numquam. Repudiandae rerum vitae totam maxime nam quasi. Mollitia voluptatum exercitationem eligendi nam velit voluptatibus odit. Quibusdam corrupti porro eos inventore explicabo.', 3, '2018-03-20 07:40:14', '2018-03-20 07:40:14'),
(281, 7, 'Helga Gibson', 'Quia est ea nostrum voluptas. Et nemo autem qui dolorum non officiis dolore labore. Voluptas nulla vitae atque totam voluptas ut. Earum tempora est optio reiciendis at consequatur doloribus rem.', 0, '2018-03-20 07:40:14', '2018-03-20 07:40:14'),
(282, 40, 'Albina Weber', 'Ut quia doloremque nisi qui hic animi. Eum voluptatem non vel nemo. Beatae error ipsa modi dolores omnis. Reiciendis sed recusandae ab pariatur atque omnis veritatis. Sint quisquam necessitatibus minima et et qui aliquam.', 5, '2018-03-20 07:40:14', '2018-03-20 07:40:14'),
(283, 31, 'Theodora Marks', 'Odit corrupti ut autem aliquam. Deleniti quia blanditiis et est et. Voluptas tenetur natus quod non et laborum.', 3, '2018-03-20 07:40:14', '2018-03-20 07:40:14'),
(284, 5, 'Dr. Darrick Nolan', 'Voluptates ut autem dolores optio ratione iusto corrupti. Voluptates ut libero deleniti quas. Et exercitationem sint et aut ipsa. Eos commodi deleniti ut excepturi iusto.', 1, '2018-03-20 07:40:14', '2018-03-20 07:40:14'),
(285, 34, 'Winston Parker', 'Enim asperiores autem quia dolor totam quasi repudiandae. Labore nulla sit magnam numquam ut quidem cupiditate.', 3, '2018-03-20 07:40:14', '2018-03-20 07:40:14'),
(286, 28, 'Ms. Heloise Weissnat', 'Sint nulla magni maiores consectetur sed dolorum laborum. Omnis quaerat sunt rem. Earum minima ratione magni voluptatem. Earum eum eos quam non.', 5, '2018-03-20 07:40:14', '2018-03-20 07:40:14'),
(287, 43, 'Winfield Cole', 'Ea repellendus quia sequi omnis id officiis. Non et laborum minus temporibus. Deserunt maxime totam expedita possimus earum.', 4, '2018-03-20 07:40:14', '2018-03-20 07:40:14'),
(288, 41, 'Carmel Breitenberg', 'Labore ut nam maxime ratione culpa ipsum consequatur. Voluptatem molestiae nam odit deserunt ut. Quaerat earum eos praesentium distinctio voluptates omnis. Dolorum cumque ab est aperiam aperiam.', 5, '2018-03-20 07:40:14', '2018-03-20 07:40:14'),
(289, 23, 'Prof. Melyna Witting', 'Corporis culpa autem rem voluptatem aut fugiat et. Amet pariatur laudantium qui mollitia et. Praesentium iusto omnis sint quo ratione atque.', 1, '2018-03-20 07:40:14', '2018-03-20 07:40:14'),
(290, 21, 'Monserrat Monahan', 'Aut qui sint laboriosam labore velit odio. Distinctio ratione corporis veniam velit architecto esse adipisci. Eveniet eum deserunt repudiandae rem iste.', 4, '2018-03-20 07:40:14', '2018-03-20 07:40:14'),
(291, 19, 'Duncan Beahan V', 'Aut eligendi sed sint ut. Consequatur sint inventore qui enim earum quos. Eum alias et consequatur.', 5, '2018-03-20 07:40:15', '2018-03-20 07:40:15'),
(292, 29, 'Prof. Kathlyn Glover', 'Ut totam dolor placeat aliquid. Voluptas et corrupti possimus iusto sunt nam autem. Quas vitae nobis nulla.', 4, '2018-03-20 07:40:15', '2018-03-20 07:40:15'),
(293, 37, 'Riley O\'Conner', 'Sit beatae mollitia culpa ipsam eveniet nihil quo. Quod eos cum odio alias officia et. Voluptatibus provident molestiae voluptatem eos animi. Perferendis labore qui et rerum quaerat dolore.', 0, '2018-03-20 07:40:15', '2018-03-20 07:40:15'),
(294, 16, 'Hosea Bogan', 'Sed autem placeat ipsum ex vel nihil. Quae nobis est quia accusantium. Dolor tempore hic optio voluptatem ex ducimus eveniet nostrum. A optio rerum voluptatem ullam eum eius nesciunt eos.', 5, '2018-03-20 07:40:15', '2018-03-20 07:40:15'),
(295, 41, 'Yadira Hills Sr.', 'Est eveniet quia quo quae. Asperiores iste debitis eligendi et est natus error ea.', 2, '2018-03-20 07:40:15', '2018-03-20 07:40:15'),
(296, 5, 'Prof. Lulu Legros MD', 'Voluptate fugit doloremque minus consequuntur. Illo maxime et ab facilis tempore error enim. In vel illo delectus. Officiis minus nemo neque vero.', 5, '2018-03-20 07:40:15', '2018-03-20 07:40:15'),
(297, 31, 'Whitney Treutel DDS', 'Eos ipsum minus laborum quis et nisi doloribus. Delectus officiis voluptatibus voluptatem corrupti et laboriosam. Hic iusto voluptas voluptatum praesentium deserunt.', 0, '2018-03-20 07:40:15', '2018-03-20 07:40:15'),
(298, 23, 'Miss Kylie Gorczany', 'Rerum eligendi rerum repudiandae ea maxime odit qui nemo. Illum autem sint quo eius distinctio. Et modi aliquam sunt eaque molestiae consectetur. Eaque temporibus soluta laudantium iusto quidem temporibus.', 2, '2018-03-20 07:40:15', '2018-03-20 07:40:15'),
(299, 6, 'Miss Connie Gerhold IV', 'Aliquam commodi nisi porro alias. Cum sint veritatis blanditiis aut placeat quo. Et voluptas voluptates accusamus consequatur eum. Aut ducimus accusamus enim.', 3, '2018-03-20 07:40:15', '2018-03-20 07:40:15'),
(300, 23, 'Miss Roxane Skiles III', 'Aut rerum rem odit quas consectetur. At possimus voluptatem dolore cupiditate dolor ipsa. Nesciunt possimus culpa voluptatem a mollitia maiores at.', 4, '2018-03-20 07:40:15', '2018-03-20 07:40:15');

-- --------------------------------------------------------

--
-- Table structure for table `users`
--

CREATE TABLE `users` (
  `id` int(10) UNSIGNED NOT NULL,
  `name` varchar(191) COLLATE utf8mb4_unicode_ci NOT NULL,
  `email` varchar(191) COLLATE utf8mb4_unicode_ci NOT NULL,
  `password` varchar(191) COLLATE utf8mb4_unicode_ci NOT NULL,
  `remember_token` varchar(100) COLLATE utf8mb4_unicode_ci DEFAULT NULL,
  `created_at` timestamp NULL DEFAULT NULL,
  `updated_at` timestamp NULL DEFAULT NULL
) ENGINE=InnoDB DEFAULT CHARSET=utf8mb4 COLLATE=utf8mb4_unicode_ci;

--
-- Indexes for dumped tables
--

--
-- Indexes for table `migrations`
--
ALTER TABLE `migrations`
  ADD PRIMARY KEY (`id`);

--
-- Indexes for table `password_resets`
--
ALTER TABLE `password_resets`
  ADD KEY `password_resets_email_index` (`email`);

--
-- Indexes for table `products`
--
ALTER TABLE `products`
  ADD PRIMARY KEY (`id`);

--
-- Indexes for table `reviews`
--
ALTER TABLE `reviews`
  ADD PRIMARY KEY (`id`),
  ADD KEY `reviews_product_id_index` (`product_id`);

--
-- Indexes for table `users`
--
ALTER TABLE `users`
  ADD PRIMARY KEY (`id`),
  ADD UNIQUE KEY `users_email_unique` (`email`);

--
-- AUTO_INCREMENT for dumped tables
--

--
-- AUTO_INCREMENT for table `migrations`
--
ALTER TABLE `migrations`
  MODIFY `id` int(10) UNSIGNED NOT NULL AUTO_INCREMENT, AUTO_INCREMENT=5;

--
-- AUTO_INCREMENT for table `products`
--
ALTER TABLE `products`
  MODIFY `id` int(10) UNSIGNED NOT NULL AUTO_INCREMENT, AUTO_INCREMENT=51;

--
-- AUTO_INCREMENT for table `reviews`
--
ALTER TABLE `reviews`
  MODIFY `id` int(10) UNSIGNED NOT NULL AUTO_INCREMENT, AUTO_INCREMENT=301;

--
-- AUTO_INCREMENT for table `users`
--
ALTER TABLE `users`
  MODIFY `id` int(10) UNSIGNED NOT NULL AUTO_INCREMENT;

--
-- Constraints for dumped tables
--

--
-- Constraints for table `reviews`
--
ALTER TABLE `reviews`
  ADD CONSTRAINT `reviews_product_id_foreign` FOREIGN KEY (`product_id`) REFERENCES `products` (`id`) ON DELETE CASCADE;
COMMIT;

/*!40101 SET CHARACTER_SET_CLIENT=@OLD_CHARACTER_SET_CLIENT */;
/*!40101 SET CHARACTER_SET_RESULTS=@OLD_CHARACTER_SET_RESULTS */;
/*!40101 SET COLLATION_CONNECTION=@OLD_COLLATION_CONNECTION */;
